"dec1","dec2","hex1","hex2","hex3","modrm","#operands","operand1","operand2","66H ?","REP ?","REPE ?","mnemonic","#asm_operands","asm operand1","asm operand2","asm operand3","eflags","fpu flags","exception fpu","exception p","exception r","exception v",
216,0,"D8",,,"/0",0,,,FALSE,,,"fadd",1,"m 32",,,,"C1","IS,IA,D,U,O,P","GP,SS,NM,PF,AC","GP,SS,NM","GP,SS,NM,PF,AC",
216,0,"D8",,,"/1",0,,,FALSE,,,"fmul",1,"m 32",,,,"C1","IS,IA,D,U,O,P","GP,SS,NM,PF,AC","GP,SS,NM","GP,SS,NM,PF,AC",
216,0,"D8",,,"/2",0,,,FALSE,,,"fcom",1,"m 32",,,,"C0,C1,C2,C3","IS,IA,D","GP,SS,NM,PF,AC","GP,SS,NM","GP,SS,NM,PF,AC",
216,0,"D8",,,"/3",0,,,FALSE,,,"fcomp",1,"m 32",,,,"C0,C1,C2,C3","IS,IA,D","GP,SS,NM,PF,AC","GP,SS,NM","GP,SS,NM,PF,AC",
216,0,"D8",,,"/4",0,,,FALSE,,,"fsub",1,"m 32",,,,"C1","IS,IA,D,U,O,P","GP,SS,NM,PF,AC","GP,SS,NM","GP,SS,NM,PF,AC",
216,0,"D8",,,"/5",0,,,FALSE,,,"fsubr",1,"m 32",,,,"C1","IS,IA,D,U,O,P","GP,SS,NM,PF,AC","GP,SS,NM","GP,SS,NM,PF,AC",
216,0,"D8",,,"/6",0,,,FALSE,,,"fdiv",1,"m 32",,,,"C1","IS,IA,D,Z,U,O,P","GP,SS,NM,PF,AC","GP,SS,NM","GP,SS,NM,PF,AC",
216,0,"D8",,,"/7",0,,,FALSE,,,"fdivr",1,"m 32",,,,"C1","IS,IA,D,Z,U,O,P","GP,SS,NM,PF,AC","GP,SS,NM","GP,SS,NM,PF,AC",
216,192,"D8","C0",,,0,,,FALSE,,,"fadd",2,"st(0)","st(0)",,,"C1","IS,IA,D,U,O,P","GP,SS,NM,PF,AC","GP,SS,NM","GP,SS,NM,PF,AC",
216,193,"D8","C1",,,0,,,FALSE,,,"fadd",2,"st(0)","st(1)",,,"C1","IS,IA,D,U,O,P","GP,SS,NM,PF,AC","GP,SS,NM","GP,SS,NM,PF,AC",
216,194,"D8","C2",,,0,,,FALSE,,,"fadd",2,"st(0)","st(2)",,,"C1","IS,IA,D,U,O,P","GP,SS,NM,PF,AC","GP,SS,NM","GP,SS,NM,PF,AC",
216,195,"D8","C3",,,0,,,FALSE,,,"fadd",2,"st(0)","st(3)",,,"C1","IS,IA,D,U,O,P","GP,SS,NM,PF,AC","GP,SS,NM","GP,SS,NM,PF,AC",
216,196,"D8","C4",,,0,,,FALSE,,,"fadd",2,"st(0)","st(4)",,,"C1","IS,IA,D,U,O,P","GP,SS,NM,PF,AC","GP,SS,NM","GP,SS,NM,PF,AC",
216,197,"D8","C5",,,0,,,FALSE,,,"fadd",2,"st(0)","st(5)",,,"C1","IS,IA,D,U,O,P","GP,SS,NM,PF,AC","GP,SS,NM","GP,SS,NM,PF,AC",
216,198,"D8","C6",,,0,,,FALSE,,,"fadd",2,"st(0)","st(6)",,,"C1","IS,IA,D,U,O,P","GP,SS,NM,PF,AC","GP,SS,NM","GP,SS,NM,PF,AC",
216,199,"D8","C7",,,0,,,FALSE,,,"fadd",2,"st(0)","st(7)",,,"C1","IS,IA,D,U,O,P","GP,SS,NM,PF,AC","GP,SS,NM","GP,SS,NM,PF,AC",
216,200,"D8","C8",,,0,,,FALSE,,,"fmul",2,"st(0)","st(0)",,,"C1","IS,IA,D,U,O,P","GP,SS,NM,PF,AC","GP,SS,NM","GP,SS,NM,PF,AC",
216,201,"D8","C9",,,0,,,FALSE,,,"fmul",2,"st(0)","st(1)",,,"C1","IS,IA,D,U,O,P","GP,SS,NM,PF,AC","GP,SS,NM","GP,SS,NM,PF,AC",
216,202,"D8","CA",,,0,,,FALSE,,,"fmul",2,"st(0)","st(2)",,,"C1","IS,IA,D,U,O,P","GP,SS,NM,PF,AC","GP,SS,NM","GP,SS,NM,PF,AC",
216,203,"D8","CB",,,0,,,FALSE,,,"fmul",2,"st(0)","st(3)",,,"C1","IS,IA,D,U,O,P","GP,SS,NM,PF,AC","GP,SS,NM","GP,SS,NM,PF,AC",
216,204,"D8","CC",,,0,,,FALSE,,,"fmul",2,"st(0)","st(4)",,,"C1","IS,IA,D,U,O,P","GP,SS,NM,PF,AC","GP,SS,NM","GP,SS,NM,PF,AC",
216,205,"D8","CD",,,0,,,FALSE,,,"fmul",2,"st(0)","st(5)",,,"C1","IS,IA,D,U,O,P","GP,SS,NM,PF,AC","GP,SS,NM","GP,SS,NM,PF,AC",
216,206,"D8","CE",,,0,,,FALSE,,,"fmul",2,"st(0)","st(6)",,,"C1","IS,IA,D,U,O,P","GP,SS,NM,PF,AC","GP,SS,NM","GP,SS,NM,PF,AC",
216,207,"D8","CF",,,0,,,FALSE,,,"fmul",2,"st(0)","st(7)",,,"C1","IS,IA,D,U,O,P","GP,SS,NM,PF,AC","GP,SS,NM","GP,SS,NM,PF,AC",
216,208,"D8","D0",,,0,,,FALSE,,,"fcom",1,"st(0)",,,,"C0,C1,C2,C3","IS,IA,D","GP,SS,NM,PF,AC","GP,SS,NM","GP,SS,NM,PF,AC",
216,209,"D8","D1",,,0,,,FALSE,,,"fcom",1,"st(1)",,,,"C0,C1,C2,C3","IS,IA,D","GP,SS,NM,PF,AC","GP,SS,NM","GP,SS,NM,PF,AC",
216,210,"D8","D2",,,0,,,FALSE,,,"fcom",1,"st(2)",,,,"C0,C1,C2,C3","IS,IA,D","GP,SS,NM,PF,AC","GP,SS,NM","GP,SS,NM,PF,AC",
216,211,"D8","D3",,,0,,,FALSE,,,"fcom",1,"st(3)",,,,"C0,C1,C2,C3","IS,IA,D","GP,SS,NM,PF,AC","GP,SS,NM","GP,SS,NM,PF,AC",
216,212,"D8","D4",,,0,,,FALSE,,,"fcom",1,"st(4)",,,,"C0,C1,C2,C3","IS,IA,D","GP,SS,NM,PF,AC","GP,SS,NM","GP,SS,NM,PF,AC",
216,213,"D8","D5",,,0,,,FALSE,,,"fcom",1,"st(5)",,,,"C0,C1,C2,C3","IS,IA,D","GP,SS,NM,PF,AC","GP,SS,NM","GP,SS,NM,PF,AC",
216,214,"D8","D6",,,0,,,FALSE,,,"fcom",1,"st(6)",,,,"C0,C1,C2,C3","IS,IA,D","GP,SS,NM,PF,AC","GP,SS,NM","GP,SS,NM,PF,AC",
216,215,"D8","D7",,,0,,,FALSE,,,"fcom",1,"st(7)",,,,"C0,C1,C2,C3","IS,IA,D","GP,SS,NM,PF,AC","GP,SS,NM","GP,SS,NM,PF,AC",
216,216,"D8","D8",,,0,,,FALSE,,,"fcomp",1,"st(0)",,,,"C0,C1,C2,C3","IS,IA,D","GP,SS,NM,PF,AC","GP,SS,NM","GP,SS,NM,PF,AC",
216,217,"D8","D9",,,0,,,FALSE,,,"fcomp",1,"st(1)",,,,"C0,C1,C2,C3","IS,IA,D","GP,SS,NM,PF,AC","GP,SS,NM","GP,SS,NM,PF,AC",
216,218,"D8","DA",,,0,,,FALSE,,,"fcomp",1,"st(2)",,,,"C0,C1,C2,C3","IS,IA,D","GP,SS,NM,PF,AC","GP,SS,NM","GP,SS,NM,PF,AC",
216,219,"D8","DB",,,0,,,FALSE,,,"fcomp",1,"st(3)",,,,"C0,C1,C2,C3","IS,IA,D","GP,SS,NM,PF,AC","GP,SS,NM","GP,SS,NM,PF,AC",
216,220,"D8","DC",,,0,,,FALSE,,,"fcomp",1,"st(4)",,,,"C0,C1,C2,C3","IS,IA,D","GP,SS,NM,PF,AC","GP,SS,NM","GP,SS,NM,PF,AC",
216,221,"D8","DD",,,0,,,FALSE,,,"fcomp",1,"st(5)",,,,"C0,C1,C2,C3","IS,IA,D","GP,SS,NM,PF,AC","GP,SS,NM","GP,SS,NM,PF,AC",
216,222,"D8","DE",,,0,,,FALSE,,,"fcomp",1,"st(6)",,,,"C0,C1,C2,C3","IS,IA,D","GP,SS,NM,PF,AC","GP,SS,NM","GP,SS,NM,PF,AC",
216,223,"D8","DF",,,0,,,FALSE,,,"fcomp",1,"st(7)",,,,"C0,C1,C2,C3","IS,IA,D","GP,SS,NM,PF,AC","GP,SS,NM","GP,SS,NM,PF,AC",
216,224,"D8","E0",,,0,,,FALSE,,,"fsub",2,"st(0)","st(0)",,,"C1","IS,IA,D,U,O,P","GP,SS,NM,PF,AC","GP,SS,NM","GP,SS,NM,PF,AC",
216,225,"D8","E1",,,0,,,FALSE,,,"fsub",2,"st(0)","st(1)",,,"C1","IS,IA,D,U,O,P","GP,SS,NM,PF,AC","GP,SS,NM","GP,SS,NM,PF,AC",
216,226,"D8","E2",,,0,,,FALSE,,,"fsub",2,"st(0)","st(2)",,,"C1","IS,IA,D,U,O,P","GP,SS,NM,PF,AC","GP,SS,NM","GP,SS,NM,PF,AC",
216,227,"D8","E3",,,0,,,FALSE,,,"fsub",2,"st(0)","st(3)",,,"C1","IS,IA,D,U,O,P","GP,SS,NM,PF,AC","GP,SS,NM","GP,SS,NM,PF,AC",
216,228,"D8","E4",,,0,,,FALSE,,,"fsub",2,"st(0)","st(4)",,,"C1","IS,IA,D,U,O,P","GP,SS,NM,PF,AC","GP,SS,NM","GP,SS,NM,PF,AC",
216,229,"D8","E5",,,0,,,FALSE,,,"fsub",2,"st(0)","st(5)",,,"C1","IS,IA,D,U,O,P","GP,SS,NM,PF,AC","GP,SS,NM","GP,SS,NM,PF,AC",
216,230,"D8","E6",,,0,,,FALSE,,,"fsub",2,"st(0)","st(6)",,,"C1","IS,IA,D,U,O,P","GP,SS,NM,PF,AC","GP,SS,NM","GP,SS,NM,PF,AC",
216,231,"D8","E7",,,0,,,FALSE,,,"fsub",2,"st(0)","st(7)",,,"C1","IS,IA,D,U,O,P","GP,SS,NM,PF,AC","GP,SS,NM","GP,SS,NM,PF,AC",
216,232,"D8","E8",,,0,,,FALSE,,,"fsubr",2,"st(0)","st(0)",,,"C1","IS,IA,D,U,O,P","GP,SS,NM,PF,AC","GP,SS,NM","GP,SS,NM,PF,AC",
216,233,"D8","E9",,,0,,,FALSE,,,"fsubr",2,"st(0)","st(1)",,,"C1","IS,IA,D,U,O,P","GP,SS,NM,PF,AC","GP,SS,NM","GP,SS,NM,PF,AC",
216,234,"D8","EA",,,0,,,FALSE,,,"fsubr",2,"st(0)","st(2)",,,"C1","IS,IA,D,U,O,P","GP,SS,NM,PF,AC","GP,SS,NM","GP,SS,NM,PF,AC",
216,235,"D8","EB",,,0,,,FALSE,,,"fsubr",2,"st(0)","st(3)",,,"C1","IS,IA,D,U,O,P","GP,SS,NM,PF,AC","GP,SS,NM","GP,SS,NM,PF,AC",
216,236,"D8","EC",,,0,,,FALSE,,,"fsubr",2,"st(0)","st(4)",,,"C1","IS,IA,D,U,O,P","GP,SS,NM,PF,AC","GP,SS,NM","GP,SS,NM,PF,AC",
216,237,"D8","ED",,,0,,,FALSE,,,"fsubr",2,"st(0)","st(5)",,,"C1","IS,IA,D,U,O,P","GP,SS,NM,PF,AC","GP,SS,NM","GP,SS,NM,PF,AC",
216,238,"D8","EE",,,0,,,FALSE,,,"fsubr",2,"st(0)","st(6)",,,"C1","IS,IA,D,U,O,P","GP,SS,NM,PF,AC","GP,SS,NM","GP,SS,NM,PF,AC",
216,239,"D8","EF",,,0,,,FALSE,,,"fsubr",2,"st(0)","st(7)",,,"C1","IS,IA,D,U,O,P","GP,SS,NM,PF,AC","GP,SS,NM","GP,SS,NM,PF,AC",
216,240,"D8","F0",,,0,,,FALSE,,,"fdiv",2,"st(0)","st(0)",,,"C1","IS,IA,D,Z,U,O,P","GP,SS,NM,PF,AC","GP,SS,NM","GP,SS,NM,PF,AC",
216,241,"D8","F1",,,0,,,FALSE,,,"fdiv",2,"st(0)","st(1)",,,"C1","IS,IA,D,Z,U,O,P","GP,SS,NM,PF,AC","GP,SS,NM","GP,SS,NM,PF,AC",
216,242,"D8","F2",,,0,,,FALSE,,,"fdiv",2,"st(0)","st(2)",,,"C1","IS,IA,D,Z,U,O,P","GP,SS,NM,PF,AC","GP,SS,NM","GP,SS,NM,PF,AC",
216,243,"D8","F3",,,0,,,FALSE,,,"fdiv",2,"st(0)","st(3)",,,"C1","IS,IA,D,Z,U,O,P","GP,SS,NM,PF,AC","GP,SS,NM","GP,SS,NM,PF,AC",
216,244,"D8","F4",,,0,,,FALSE,,,"fdiv",2,"st(0)","st(4)",,,"C1","IS,IA,D,Z,U,O,P","GP,SS,NM,PF,AC","GP,SS,NM","GP,SS,NM,PF,AC",
216,245,"D8","F5",,,0,,,FALSE,,,"fdiv",2,"st(0)","st(5)",,,"C1","IS,IA,D,Z,U,O,P","GP,SS,NM,PF,AC","GP,SS,NM","GP,SS,NM,PF,AC",
216,246,"D8","F6",,,0,,,FALSE,,,"fdiv",2,"st(0)","st(6)",,,"C1","IS,IA,D,Z,U,O,P","GP,SS,NM,PF,AC","GP,SS,NM","GP,SS,NM,PF,AC",
216,247,"D8","F7",,,0,,,FALSE,,,"fdiv",2,"st(0)","st(7)",,,"C1","IS,IA,D,Z,U,O,P","GP,SS,NM,PF,AC","GP,SS,NM","GP,SS,NM,PF,AC",
216,248,"D8","F8",,,0,,,FALSE,,,"fdivr",2,"st(0)","st(0)",,,"C1","IS,IA,D,Z,U,O,P","GP,SS,NM,PF,AC","GP,SS,NM","GP,SS,NM,PF,AC",
216,249,"D8","F9",,,0,,,FALSE,,,"fdivr",2,"st(0)","st(1)",,,"C1","IS,IA,D,Z,U,O,P","GP,SS,NM,PF,AC","GP,SS,NM","GP,SS,NM,PF,AC",
216,250,"D8","FA",,,0,,,FALSE,,,"fdivr",2,"st(0)","st(2)",,,"C1","IS,IA,D,Z,U,O,P","GP,SS,NM,PF,AC","GP,SS,NM","GP,SS,NM,PF,AC",
216,251,"D8","FB",,,0,,,FALSE,,,"fdivr",2,"st(0)","st(3)",,,"C1","IS,IA,D,Z,U,O,P","GP,SS,NM,PF,AC","GP,SS,NM","GP,SS,NM,PF,AC",
216,252,"D8","FC",,,0,,,FALSE,,,"fdivr",2,"st(0)","st(4)",,,"C1","IS,IA,D,Z,U,O,P","GP,SS,NM,PF,AC","GP,SS,NM","GP,SS,NM,PF,AC",
216,253,"D8","FD",,,0,,,FALSE,,,"fdivr",2,"st(0)","st(5)",,,"C1","IS,IA,D,Z,U,O,P","GP,SS,NM,PF,AC","GP,SS,NM","GP,SS,NM,PF,AC",
216,254,"D8","FE",,,0,,,FALSE,,,"fdivr",2,"st(0)","st(6)",,,"C1","IS,IA,D,Z,U,O,P","GP,SS,NM,PF,AC","GP,SS,NM","GP,SS,NM,PF,AC",
216,255,"D8","FF",,,0,,,FALSE,,,"fdivr",2,"st(0)","st(7)",,,"C1","IS,IA,D,Z,U,O,P","GP,SS,NM,PF,AC","GP,SS,NM","GP,SS,NM,PF,AC",
217,0,"D9",,,"/0",0,,,FALSE,,,"fld",1,"m 32",,,,"C1","IS,IA,D","GP,SS,NM,PF,AC","GP,SS,NM","GP,SS,NM,PF,AC",
217,0,"D9",,,"/2",0,,,FALSE,,,"fst",1,"m 32",,,,"C1","IS,IA,U,O,P","GP,SS,NM,PF,AC","GP,SS,NM","GP,SS,NM,PF,AC",
217,0,"D9",,,"/3",0,,,FALSE,,,"fstp",1,"m 32",,,,"C1","IS,IA,U,O,P","GP,SS,NM,PF,AC","GP,SS,NM","GP,SS,NM,PF,AC",
217,0,"D9",,,"/4",0,,,TRUE,,,"fldenv",1,"m 112/224",,,,"C0,C1,C2,C3",,"GP,SS,NM,PF,AC","GP,SS,NM","GP,SS,NM,PF,AC",
217,0,"D9",,,"/5",0,,,FALSE,,,"fldcw",1,"m 16",,,,,,"GP,SS,NM,PF,AC","GP,SS,NM","GP,SS,NM,PF,AC",
217,0,"D9",,,"/6",0,,,TRUE,,,"fnstenv",1,"m 112/224",,,,,,"GP,SS,NM,PF,AC","GP,SS,NM","GP,SS,NM,PF,AC",
217,0,"D9",,,"/7",0,,,FALSE,,,"fnstcw",1,"m 16",,,,,,"GP,SS,NM,PF,AC","GP,SS,NM","GP,SS,NM,PF,AC",
217,192,"D9","C0",,,0,,,FALSE,,,"fld",1,"st(0)",,,,"C1","IS,IA,D","GP,SS,NM,PF,AC","GP,SS,NM","GP,SS,NM,PF,AC",
217,193,"D9","C1",,,0,,,FALSE,,,"fld",1,"st(1)",,,,"C1","IS,IA,D","GP,SS,NM,PF,AC","GP,SS,NM","GP,SS,NM,PF,AC",
217,194,"D9","C2",,,0,,,FALSE,,,"fld",1,"st(2)",,,,"C1","IS,IA,D","GP,SS,NM,PF,AC","GP,SS,NM","GP,SS,NM,PF,AC",
217,195,"D9","C3",,,0,,,FALSE,,,"fld",1,"st(3)",,,,"C1","IS,IA,D","GP,SS,NM,PF,AC","GP,SS,NM","GP,SS,NM,PF,AC",
217,196,"D9","C4",,,0,,,FALSE,,,"fld",1,"st(4)",,,,"C1","IS,IA,D","GP,SS,NM,PF,AC","GP,SS,NM","GP,SS,NM,PF,AC",
217,197,"D9","C5",,,0,,,FALSE,,,"fld",1,"st(5)",,,,"C1","IS,IA,D","GP,SS,NM,PF,AC","GP,SS,NM","GP,SS,NM,PF,AC",
217,198,"D9","C6",,,0,,,FALSE,,,"fld",1,"st(6)",,,,"C1","IS,IA,D","GP,SS,NM,PF,AC","GP,SS,NM","GP,SS,NM,PF,AC",
217,199,"D9","C7",,,0,,,FALSE,,,"fld",1,"st(7)",,,,"C1","IS,IA,D","GP,SS,NM,PF,AC","GP,SS,NM","GP,SS,NM,PF,AC",
217,200,"D9","C8",,,0,,,FALSE,,,"fxch",1,"st(0)",,,,"C1","IS","NM","NM","NM",
217,201,"D9","C9",,,0,,,FALSE,,,"fxch",1,"st(1)",,,,"C1","IS","NM","NM","NM",
217,202,"D9","CA",,,0,,,FALSE,,,"fxch",1,"st(2)",,,,"C1","IS","NM","NM","NM",
217,203,"D9","CB",,,0,,,FALSE,,,"fxch",1,"st(3)",,,,"C1","IS","NM","NM","NM",
217,204,"D9","CC",,,0,,,FALSE,,,"fxch",1,"st(4)",,,,"C1","IS","NM","NM","NM",
217,205,"D9","CD",,,0,,,FALSE,,,"fxch",1,"st(5)",,,,"C1","IS","NM","NM","NM",
217,206,"D9","CE",,,0,,,FALSE,,,"fxch",1,"st(6)",,,,"C1","IS","NM","NM","NM",
217,207,"D9","CF",,,0,,,FALSE,,,"fxch",1,"st(7)",,,,"C1","IS","NM","NM","NM",
217,208,"D9","D0",,,0,,,FALSE,,,"fnop",0,,,,,,,"NM","NM","NM",
217,224,"D9","E0",,,0,,,FALSE,,,"fchs",0,,,,,"C1","IS","NM","NM","NM",
217,225,"D9","E1",,,0,,,FALSE,,,"fabs",0,,,,,"C1","IS","NM","NM","NM",
217,228,"D9","E4",,,0,,,FALSE,,,"ftst",0,,,,,"C0,C1,C2,C3","IS,IA,D","NM","NM","NM",
217,229,"D9","E5",,,0,,,FALSE,,,"fxam",0,,,,,"C0,C1,C2,C3",,"NM","NM","NM",
217,232,"D9","E8",,,0,,,FALSE,,,"fld1",0,,,,,"C1","IS","NM","NM","NM",
217,233,"D9","E9",,,0,,,FALSE,,,"fldl2t",0,,,,,"C1","IS","NM","NM","NM",
217,234,"D9","EA",,,0,,,FALSE,,,"fldl2e",0,,,,,"C1","IS","NM","NM","NM",
217,235,"D9","EB",,,0,,,FALSE,,,"fldpi",0,,,,,"C1","IS","NM","NM","NM",
217,236,"D9","EC",,,0,,,FALSE,,,"fldlg2",0,,,,,"C1","IS","NM","NM","NM",
217,237,"D9","ED",,,0,,,FALSE,,,"fldln2",0,,,,,"C1","IS","NM","NM","NM",
217,238,"D9","EE",,,0,,,FALSE,,,"fldz",0,,,,,"C1","IS","NM","NM","NM",
217,240,"D9","F0",,,0,,,FALSE,,,"f2xm1",0,,,,,"C1","IS,IA,D,U,P","NM","NM","MM",
217,241,"D9","F1",,,0,,,FALSE,,,"fyl2x",0,,,,,"C1","IS,IA,Z,D,U,O,P","NM","NM","NM",
217,242,"D9","F2",,,0,,,FALSE,,,"fptan",0,,,,,"C1,C2","IS,IA,D,U,P","NM","NM","NM",
217,243,"D9","F3",,,0,,,FALSE,,,"fpatan",0,,,,,"C1","IS,IA,D,U,P","NM","NM","NM",
217,244,"D9","F4",,,0,,,FALSE,,,"fxtract",0,,,,,"C1","IS,IA,Z,D","NM","NM","NM",
217,245,"D9","F5",,,0,,,FALSE,,,"fprem1",0,,,,,"C0,C1,C2,C3","IS,IA,D,U","NM","NM","NM",
217,246,"D9","F6",,,0,,,FALSE,,,"fdecstp",0,,,,,"C1",,"NM","NM","NM",
217,247,"D9","F7",,,0,,,FALSE,,,"fincstp",0,,,,,"C1",,"NM","NM","NM",
217,248,"D9","F8",,,0,,,FALSE,,,"fprem",0,,,,,"C0,C1,C2,C3","IS,IA,D,U","NM","NM","NM",
217,249,"D9","F9",,,0,,,FALSE,,,"fyl2xp1",0,,,,,"C1","IS,IA,Z,D,U,O,P","NM","NM","NM",
217,250,"D9","FA",,,0,,,FALSE,,,"fsqrt",0,,,,,"C1","IS,IA,D,P","NM","NM","NM",
217,251,"D9","FB",,,0,,,FALSE,,,"fsincos",0,,,,,"C1,C2","IS,IA,D,U,P","NM","NM","NM",
217,252,"D9","FC",,,0,,,FALSE,,,"frndint",0,,,,,"C1","IS,IA,D,P","NM","NM","NM",
217,253,"D9","FD",,,0,,,FALSE,,,"fscale",0,,,,,"C1","IS,IA,D,U,O,P","NM","NM","NM",
217,254,"D9","FE",,,0,,,FALSE,,,"fsin",0,,,,,"C1,C2","IS,IA,D,P","NM","NM","NM",
217,255,"D9","FF",,,0,,,FALSE,,,"fcos",0,,,,,"C1,C2","IS,IA,D,P","NM","NM","NM",
218,0,"DA",,,"/0",0,,,FALSE,,,"fiadd",1,"m 32",,,,"C1","IS,IA,D,U,O,P","GP,SS,NM,PF,AC","GP,SS,NM","GP,SS,NM,PF,AC",
218,0,"DA",,,"/1",0,,,FALSE,,,"fimul",1,"m 32",,,,"C1","IS,IA,D,U,O,P","GP,SS,NM,PF,AC","GP,SS,NM","GP,SS,NM,PF,AC",
218,0,"DA",,,"/2",0,,,FALSE,,,"ficom",1,"m 32",,,,"C0,C1,C2,C3","IS,IA,D","GP,SS,NM,PF,AC","GP,SS,NM","GP,SS,NM,PF,AC",
218,0,"DA",,,"/3",0,,,FALSE,,,"ficomp",1,"m 32",,,,"C0,C1,C2,C3","IS,IA,D","GP,SS,NM,PF,AC","GP,SS,NM","GP,SS,NM,PF,AC",
218,0,"DA",,,"/4",0,,,FALSE,,,"fisub",1,"m 32",,,,"C1","IS,IA,D,U,O,P","GP,SS,NM,PF,AC","GP,SS,NM","GP,SS,NM,PF,AC",
218,0,"DA",,,"/5",0,,,FALSE,,,"fisubr",1,"m 32",,,,"C1","IS,IA,D,U,O,P","GP,SS,NM,PF,AC","GP,SS,NM","GP,SS,NM,PF,AC",
218,0,"DA",,,"/6",0,,,FALSE,,,"fidiv",1,"m 32",,,,"C1","IS,IA,D,Z,U,O,P","GP,SS,NM,PF,AC","GP,SS,NM","GP,SS,NM,PF,AC",
218,0,"DA",,,"/7",0,,,FALSE,,,"fidivr",1,"m 32",,,,"C1","IS,IA,D,Z,U,O,P","GP,SS,NM,PF,AC","GP,SS,NM","GP,SS,NM,PF,AC",
218,192,"DA","C0",,,0,,,FALSE,,,"fcmovb",2,"st(0)","st(0)",,,"C1","IS","NM","NM","NM","p6-"
218,193,"DA","C1",,,0,,,FALSE,,,"fcmovb",2,"st(0)","st(1)",,,"C1","IS","NM","NM","NM","p6-"
218,194,"DA","C2",,,0,,,FALSE,,,"fcmovb",2,"st(0)","st(2)",,,"C1","IS","NM","NM","NM","p6-"
218,195,"DA","C3",,,0,,,FALSE,,,"fcmovb",2,"st(0)","st(3)",,,"C1","IS","NM","NM","NM","p6-"
218,196,"DA","C4",,,0,,,FALSE,,,"fcmovb",2,"st(0)","st(4)",,,"C1","IS","NM","NM","NM","p6-"
218,197,"DA","C5",,,0,,,FALSE,,,"fcmovb",2,"st(0)","st(5)",,,"C1","IS","NM","NM","NM","p6-"
218,198,"DA","C6",,,0,,,FALSE,,,"fcmovb",2,"st(0)","st(6)",,,"C1","IS","NM","NM","NM","p6-"
218,199,"DA","C7",,,0,,,FALSE,,,"fcmovb",2,"st(0)","st(7)",,,"C1","IS","NM","NM","NM","p6-"
218,200,"DA","C8",,,0,,,FALSE,,,"fcmove",2,"st(0)","st(0)",,,"C1","IS","NM","NM","NM","p6-"
218,201,"DA","C9",,,0,,,FALSE,,,"fcmove",2,"st(0)","st(1)",,,"C1","IS","NM","NM","NM","p6-"
218,202,"DA","CA",,,0,,,FALSE,,,"fcmove",2,"st(0)","st(2)",,,"C1","IS","NM","NM","NM","p6-"
218,203,"DA","CB",,,0,,,FALSE,,,"fcmove",2,"st(0)","st(3)",,,"C1","IS","NM","NM","NM","p6-"
218,204,"DA","CC",,,0,,,FALSE,,,"fcmove",2,"st(0)","st(4)",,,"C1","IS","NM","NM","NM","p6-"
218,205,"DA","CD",,,0,,,FALSE,,,"fcmove",2,"st(0)","st(5)",,,"C1","IS","NM","NM","NM","p6-"
218,206,"DA","CE",,,0,,,FALSE,,,"fcmove",2,"st(0)","st(6)",,,"C1","IS","NM","NM","NM","p6-"
218,207,"DA","CF",,,0,,,FALSE,,,"fcmove",2,"st(0)","st(7)",,,"C1","IS","NM","NM","NM","p6-"
218,208,"DA","D0",,,0,,,FALSE,,,"fcmovbe",2,"st(0)","st(0)",,,"C1","IS","NM","NM","NM","p6-"
218,209,"DA","D1",,,0,,,FALSE,,,"fcmovbe",2,"st(0)","st(1)",,,"C1","IS","NM","NM","NM","p6-"
218,210,"DA","D2",,,0,,,FALSE,,,"fcmovbe",2,"st(0)","st(2)",,,"C1","IS","NM","NM","NM","p6-"
218,211,"DA","D3",,,0,,,FALSE,,,"fcmovbe",2,"st(0)","st(3)",,,"C1","IS","NM","NM","NM","p6-"
218,212,"DA","D4",,,0,,,FALSE,,,"fcmovbe",2,"st(0)","st(4)",,,"C1","IS","NM","NM","NM","p6-"
218,213,"DA","D5",,,0,,,FALSE,,,"fcmovbe",2,"st(0)","st(5)",,,"C1","IS","NM","NM","NM","p6-"
218,214,"DA","D6",,,0,,,FALSE,,,"fcmovbe",2,"st(0)","st(6)",,,"C1","IS","NM","NM","NM","p6-"
218,215,"DA","D7",,,0,,,FALSE,,,"fcmovbe",2,"st(0)","st(7)",,,"C1","IS","NM","NM","NM","p6-"
218,216,"DA","D8",,,0,,,FALSE,,,"fcmovu",2,"st(0)","st(0)",,,"C1","IS","NM","NM","NM","p6-"
218,217,"DA","D9",,,0,,,FALSE,,,"fcmovu",2,"st(0)","st(1)",,,"C1","IS","NM","NM","NM","p6-"
218,218,"DA","DA",,,0,,,FALSE,,,"fcmovu",2,"st(0)","st(2)",,,"C1","IS","NM","NM","NM","p6-"
218,219,"DA","DB",,,0,,,FALSE,,,"fcmovu",2,"st(0)","st(3)",,,"C1","IS","NM","NM","NM","p6-"
218,220,"DA","DC",,,0,,,FALSE,,,"fcmovu",2,"st(0)","st(4)",,,"C1","IS","NM","NM","NM","p6-"
218,221,"DA","DD",,,0,,,FALSE,,,"fcmovu",2,"st(0)","st(5)",,,"C1","IS","NM","NM","NM","p6-"
218,222,"DA","DE",,,0,,,FALSE,,,"fcmovu",2,"st(0)","st(6)",,,"C1","IS","NM","NM","NM","p6-"
218,223,"DA","DF",,,0,,,FALSE,,,"fcmovu",2,"st(0)","st(7)",,,"C1","IS","NM","NM","NM","p6-"
218,233,"DA","E9",,,0,,,FALSE,,,"fucompp",0,,,,,"C0,C1,C2,C3","IS,IA,D","NM","NM","NM",
219,0,"DB",,,"/0",0,,,FALSE,,,"fild",1,"m 32",,,,"C1","IS","GP,SS,NM,PF,AC","GP,SS,NM","GP,SS,NM,PF,AC",
219,0,"DB",,,"/1",0,,,FALSE,,,"fisttp",1,"m 32",,,,"C1","IS,IA,P","GP,SS,NM,PF,AC,UD","GP,SS,NM,UD","GP,SS,NM,PF,AC,UD",
219,0,"DB",,,"/2",0,,,FALSE,,,"fist",1,"m 32",,,,"C1","IS,IA,P","GP,SS,NM,PF,AC","GP,SS,NM","GP,SS,NM,PF,AC",
219,0,"DB",,,"/3",0,,,FALSE,,,"fistp",1,"m 32",,,,"C1","IS,IA,P","GP,SS,NM,PF,AC","GP,SS,NM","GP,SS,NM,PF,AC",
219,0,"DB",,,"/5",0,,,FALSE,,,"fld",1,"m 80",,,,"C1","IS,IA,D","GP,SS,NM,PF,AC","GP,SS,NM","GP,SS,NM,PF,AC",
219,0,"DB",,,"/7",0,,,FALSE,,,"fstp",1,"m 80",,,,"C1","IS,IA,U,O,P","GP,SS,NM,PF,AC","GP,SS,NM","GP,SS,NM,PF,AC",
219,192,"DB","C0",,,0,,,FALSE,,,"fcmovnb",2,"st(0)","st(0)",,,"C1","IS","NM","NM","NM","p6-"
219,193,"DB","C1",,,0,,,FALSE,,,"fcmovnb",2,"st(0)","st(1)",,,"C1","IS","NM","NM","NM","p6-"
219,194,"DB","C2",,,0,,,FALSE,,,"fcmovnb",2,"st(0)","st(2)",,,"C1","IS","NM","NM","NM","p6-"
219,195,"DB","C3",,,0,,,FALSE,,,"fcmovnb",2,"st(0)","st(3)",,,"C1","IS","NM","NM","NM","p6-"
219,196,"DB","C4",,,0,,,FALSE,,,"fcmovnb",2,"st(0)","st(4)",,,"C1","IS","NM","NM","NM","p6-"
219,197,"DB","C5",,,0,,,FALSE,,,"fcmovnb",2,"st(0)","st(5)",,,"C1","IS","NM","NM","NM","p6-"
219,198,"DB","C6",,,0,,,FALSE,,,"fcmovnb",2,"st(0)","st(6)",,,"C1","IS","NM","NM","NM","p6-"
219,199,"DB","C7",,,0,,,FALSE,,,"fcmovnb",2,"st(0)","st(7)",,,"C1","IS","NM","NM","NM","p6-"
219,200,"DB","C8",,,0,,,FALSE,,,"fcmovne",2,"st(0)","st(0)",,,"C1","IS","NM","NM","NM","p6-"
219,201,"DB","C9",,,0,,,FALSE,,,"fcmovne",2,"st(0)","st(1)",,,"C1","IS","NM","NM","NM","p6-"
219,202,"DB","CA",,,0,,,FALSE,,,"fcmovne",2,"st(0)","st(2)",,,"C1","IS","NM","NM","NM","p6-"
219,203,"DB","CB",,,0,,,FALSE,,,"fcmovne",2,"st(0)","st(3)",,,"C1","IS","NM","NM","NM","p6-"
219,204,"DB","CC",,,0,,,FALSE,,,"fcmovne",2,"st(0)","st(4)",,,"C1","IS","NM","NM","NM","p6-"
219,205,"DB","CD",,,0,,,FALSE,,,"fcmovne",2,"st(0)","st(5)",,,"C1","IS","NM","NM","NM","p6-"
219,206,"DB","CE",,,0,,,FALSE,,,"fcmovne",2,"st(0)","st(6)",,,"C1","IS","NM","NM","NM","p6-"
219,207,"DB","CF",,,0,,,FALSE,,,"fcmovne",2,"st(0)","st(7)",,,"C1","IS","NM","NM","NM","p6-"
219,208,"DB","D0",,,0,,,FALSE,,,"fcmovnbe",2,"st(0)","st(0)",,,"C1","IS","NM","NM","NM","p6-"
219,209,"DB","D1",,,0,,,FALSE,,,"fcmovnbe",2,"st(0)","st(1)",,,"C1","IS","NM","NM","NM","p6-"
219,210,"DB","D2",,,0,,,FALSE,,,"fcmovnbe",2,"st(0)","st(2)",,,"C1","IS","NM","NM","NM","p6-"
219,211,"DB","D3",,,0,,,FALSE,,,"fcmovnbe",2,"st(0)","st(3)",,,"C1","IS","NM","NM","NM","p6-"
219,212,"DB","D4",,,0,,,FALSE,,,"fcmovnbe",2,"st(0)","st(4)",,,"C1","IS","NM","NM","NM","p6-"
219,213,"DB","D5",,,0,,,FALSE,,,"fcmovnbe",2,"st(0)","st(5)",,,"C1","IS","NM","NM","NM","p6-"
219,214,"DB","D6",,,0,,,FALSE,,,"fcmovnbe",2,"st(0)","st(6)",,,"C1","IS","NM","NM","NM","p6-"
219,215,"DB","D7",,,0,,,FALSE,,,"fcmovnbe",2,"st(0)","st(7)",,,"C1","IS","NM","NM","NM","p6-"
219,216,"DB","D8",,,0,,,FALSE,,,"fcmovnu",2,"st(0)","st(0)",,,"C1","IS","NM","NM","NM","p6-"
219,217,"DB","D9",,,0,,,FALSE,,,"fcmovnu",2,"st(0)","st(1)",,,"C1","IS","NM","NM","NM","p6-"
219,218,"DB","DA",,,0,,,FALSE,,,"fcmovnu",2,"st(0)","st(2)",,,"C1","IS","NM","NM","NM","p6-"
219,219,"DB","DB",,,0,,,FALSE,,,"fcmovnu",2,"st(0)","st(3)",,,"C1","IS","NM","NM","NM","p6-"
219,220,"DB","DC",,,0,,,FALSE,,,"fcmovnu",2,"st(0)","st(4)",,,"C1","IS","NM","NM","NM","p6-"
219,221,"DB","DD",,,0,,,FALSE,,,"fcmovnu",2,"st(0)","st(5)",,,"C1","IS","NM","NM","NM","p6-"
219,222,"DB","DE",,,0,,,FALSE,,,"fcmovnu",2,"st(0)","st(6)",,,"C1","IS","NM","NM","NM","p6-"
219,223,"DB","DF",,,0,,,FALSE,,,"fcmovnu",2,"st(0)","st(7)",,,"C1","IS","NM","NM","NM","p6-"
219,226,"DB","E2",,,0,,,FALSE,,,"fnclex",0,,,,,"PE,UE,OE,ZE,DE,IE,ES,SF,B",,"NM","NM","NM",
219,227,"DB","E3",,,0,,,FALSE,,,"fninit",0,,,,,"C0,C1,C2,C3",,"NM","NM","NM",
219,232,"DB","E8",,,0,,,FALSE,,,"fucomi",2,"st(0)","st(0)",,"ZF,PF,CF,OF","C1","IS,IA","NM","NM","NM",
219,233,"DB","E9",,,0,,,FALSE,,,"fucomi",2,"st(0)","st(1)",,"ZF,PF,CF,OF","C1","IS,IA","NM","NM","NM",
219,234,"DB","EA",,,0,,,FALSE,,,"fucomi",2,"st(0)","st(2)",,"ZF,PF,CF,OF","C1","IS,IA","NM","NM","NM",
219,235,"DB","EB",,,0,,,FALSE,,,"fucomi",2,"st(0)","st(3)",,"ZF,PF,CF,OF","C1","IS,IA","NM","NM","NM",
219,236,"DB","EC",,,0,,,FALSE,,,"fucomi",2,"st(0)","st(4)",,"ZF,PF,CF,OF","C1","IS,IA","NM","NM","NM",
219,237,"DB","ED",,,0,,,FALSE,,,"fucomi",2,"st(0)","st(5)",,"ZF,PF,CF,OF","C1","IS,IA","NM","NM","NM",
219,238,"DB","EE",,,0,,,FALSE,,,"fucomi",2,"st(0)","st(6)",,"ZF,PF,CF,OF","C1","IS,IA","NM","NM","NM",
219,239,"DB","EF",,,0,,,FALSE,,,"fucomi",2,"st(0)","st(7)",,"ZF,PF,CF,OF","C1","IS,IA","NM","NM","NM",
219,240,"DB","F0",,,0,,,FALSE,,,"fcomi",2,"st(0)","st(0)",,"ZF,PF,CF,OF","C1","IS,IA","NM","NM","NM",
219,241,"DB","F1",,,0,,,FALSE,,,"fcomi",2,"st(0)","st(1)",,"ZF,PF,CF,OF","C1","IS,IA","NM","NM","NM",
219,242,"DB","F2",,,0,,,FALSE,,,"fcomi",2,"st(0)","st(2)",,"ZF,PF,CF,OF","C1","IS,IA","NM","NM","NM",
219,243,"DB","F3",,,0,,,FALSE,,,"fcomi",2,"st(0)","st(3)",,"ZF,PF,CF,OF","C1","IS,IA","NM","NM","NM",
219,244,"DB","F4",,,0,,,FALSE,,,"fcomi",2,"st(0)","st(4)",,"ZF,PF,CF,OF","C1","IS,IA","NM","NM","NM",
219,245,"DB","F5",,,0,,,FALSE,,,"fcomi",2,"st(0)","st(5)",,"ZF,PF,CF,OF","C1","IS,IA","NM","NM","NM",
219,246,"DB","F6",,,0,,,FALSE,,,"fcomi",2,"st(0)","st(6)",,"ZF,PF,CF,OF","C1","IS,IA","NM","NM","NM",
219,247,"DB","F7",,,0,,,FALSE,,,"fcomi",2,"st(0)","st(7)",,"ZF,PF,CF,OF","C1","IS,IA","NM","NM","NM",
220,0,"DC",,,"/0",0,,,FALSE,,,"fadd",1,"m 64",,,,"C1","IS,IA,D,U,O,P","GP,SS,NM,PF,AC","GP,SS,NM","GP,SS,NM,PF,AC",
220,0,"DC",,,"/1",0,,,FALSE,,,"fmul",1,"m 64",,,,"C1","IS,IA,D,U,O,P","GP,SS,NM,PF,AC","GP,SS,NM","GP,SS,NM,PF,AC",
220,0,"DC",,,"/2",0,,,FALSE,,,"fcom",1,"m 64",,,,"C0,C1,C2,C3","IS,IA,D","GP,SS,NM,PF,AC","GP,SS,NM","GP,SS,NM,PF,AC",
220,0,"DC",,,"/3",0,,,FALSE,,,"fcomp",1,"m 64",,,,"C0,C1,C2,C3","IS,IA,D","GP,SS,NM,PF,AC","GP,SS,NM","GP,SS,NM,PF,AC",
220,0,"DC",,,"/4",0,,,FALSE,,,"fsub",1,"m 64",,,,"C1","IS,IA,D,U,O,P","GP,SS,NM,PF,AC","GP,SS,NM","GP,SS,NM,PF,AC",
220,0,"DC",,,"/5",0,,,FALSE,,,"fsubr",1,"m 64",,,,"C1","IS,IA,D,U,O,P","GP,SS,NM,PF,AC","GP,SS,NM","GP,SS,NM,PF,AC",
220,0,"DC",,,"/6",0,,,FALSE,,,"fdiv",1,"m 64",,,,"C1","IS,IA,D,Z,U,O,P","GP,SS,NM,PF,AC","GP,SS,NM","GP,SS,NM,PF,AC",
220,0,"DC",,,"/7",0,,,FALSE,,,"fdivr",1,"m 64",,,,"C1","IS,IA,D,Z,U,O,P","GP,SS,NM,PF,AC","GP,SS,NM","GP,SS,NM,PF,AC",
220,192,"DC","C0",,,0,,,FALSE,,,"fadd",2,"st(0)","st(0)",,,"C1","IS,IA,D,U,O,P","GP,SS,NM,PF,AC","GP,SS,NM","GP,SS,NM,PF,AC",
220,193,"DC","C1",,,0,,,FALSE,,,"fadd",2,"st(1)","st(0)",,,"C1","IS,IA,D,U,O,P","GP,SS,NM,PF,AC","GP,SS,NM","GP,SS,NM,PF,AC",
220,194,"DC","C2",,,0,,,FALSE,,,"fadd",2,"st(2)","st(0)",,,"C1","IS,IA,D,U,O,P","GP,SS,NM,PF,AC","GP,SS,NM","GP,SS,NM,PF,AC",
220,195,"DC","C3",,,0,,,FALSE,,,"fadd",2,"st(3)","st(0)",,,"C1","IS,IA,D,U,O,P","GP,SS,NM,PF,AC","GP,SS,NM","GP,SS,NM,PF,AC",
220,196,"DC","C4",,,0,,,FALSE,,,"fadd",2,"st(4)","st(0)",,,"C1","IS,IA,D,U,O,P","GP,SS,NM,PF,AC","GP,SS,NM","GP,SS,NM,PF,AC",
220,197,"DC","C5",,,0,,,FALSE,,,"fadd",2,"st(5)","st(0)",,,"C1","IS,IA,D,U,O,P","GP,SS,NM,PF,AC","GP,SS,NM","GP,SS,NM,PF,AC",
220,198,"DC","C6",,,0,,,FALSE,,,"fadd",2,"st(6)","st(0)",,,"C1","IS,IA,D,U,O,P","GP,SS,NM,PF,AC","GP,SS,NM","GP,SS,NM,PF,AC",
220,199,"DC","C7",,,0,,,FALSE,,,"fadd",2,"st(7)","st(0)",,,"C1","IS,IA,D,U,O,P","GP,SS,NM,PF,AC","GP,SS,NM","GP,SS,NM,PF,AC",
220,200,"DC","C8",,,0,,,FALSE,,,"fmul",2,"st(0)","st(0)",,,"C1","IS,IA,D,U,O,P","GP,SS,NM,PF,AC","GP,SS,NM","GP,SS,NM,PF,AC",
220,201,"DC","C9",,,0,,,FALSE,,,"fmul",2,"st(1)","st(0)",,,"C1","IS,IA,D,U,O,P","GP,SS,NM,PF,AC","GP,SS,NM","GP,SS,NM,PF,AC",
220,202,"DC","CA",,,0,,,FALSE,,,"fmul",2,"st(2)","st(0)",,,"C1","IS,IA,D,U,O,P","GP,SS,NM,PF,AC","GP,SS,NM","GP,SS,NM,PF,AC",
220,203,"DC","CB",,,0,,,FALSE,,,"fmul",2,"st(3)","st(0)",,,"C1","IS,IA,D,U,O,P","GP,SS,NM,PF,AC","GP,SS,NM","GP,SS,NM,PF,AC",
220,204,"DC","CC",,,0,,,FALSE,,,"fmul",2,"st(4)","st(0)",,,"C1","IS,IA,D,U,O,P","GP,SS,NM,PF,AC","GP,SS,NM","GP,SS,NM,PF,AC",
220,205,"DC","CD",,,0,,,FALSE,,,"fmul",2,"st(5)","st(0)",,,"C1","IS,IA,D,U,O,P","GP,SS,NM,PF,AC","GP,SS,NM","GP,SS,NM,PF,AC",
220,206,"DC","CE",,,0,,,FALSE,,,"fmul",2,"st(6)","st(0)",,,"C1","IS,IA,D,U,O,P","GP,SS,NM,PF,AC","GP,SS,NM","GP,SS,NM,PF,AC",
220,207,"DC","CF",,,0,,,FALSE,,,"fmul",2,"st(7)","st(0)",,,"C1","IS,IA,D,U,O,P","GP,SS,NM,PF,AC","GP,SS,NM","GP,SS,NM,PF,AC",
220,224,"DC","E0",,,0,,,FALSE,,,"fsubr",2,"st(0)","st(0)",,,"C1","IS,IA,D,U,O,P","GP,SS,NM,PF,AC","GP,SS,NM","GP,SS,NM,PF,AC",
220,225,"DC","E1",,,0,,,FALSE,,,"fsubr",2,"st(1)","st(0)",,,"C1","IS,IA,D,U,O,P","GP,SS,NM,PF,AC","GP,SS,NM","GP,SS,NM,PF,AC",
220,226,"DC","E2",,,0,,,FALSE,,,"fsubr",2,"st(2)","st(0)",,,"C1","IS,IA,D,U,O,P","GP,SS,NM,PF,AC","GP,SS,NM","GP,SS,NM,PF,AC",
220,227,"DC","E3",,,0,,,FALSE,,,"fsubr",2,"st(3)","st(0)",,,"C1","IS,IA,D,U,O,P","GP,SS,NM,PF,AC","GP,SS,NM","GP,SS,NM,PF,AC",
220,228,"DC","E4",,,0,,,FALSE,,,"fsubr",2,"st(4)","st(0)",,,"C1","IS,IA,D,U,O,P","GP,SS,NM,PF,AC","GP,SS,NM","GP,SS,NM,PF,AC",
220,229,"DC","E5",,,0,,,FALSE,,,"fsubr",2,"st(5)","st(0)",,,"C1","IS,IA,D,U,O,P","GP,SS,NM,PF,AC","GP,SS,NM","GP,SS,NM,PF,AC",
220,230,"DC","E6",,,0,,,FALSE,,,"fsubr",2,"st(6)","st(0)",,,"C1","IS,IA,D,U,O,P","GP,SS,NM,PF,AC","GP,SS,NM","GP,SS,NM,PF,AC",
220,231,"DC","E7",,,0,,,FALSE,,,"fsubr",2,"st(7)","st(0)",,,"C1","IS,IA,D,U,O,P","GP,SS,NM,PF,AC","GP,SS,NM","GP,SS,NM,PF,AC",
220,232,"DC","E8",,,0,,,FALSE,,,"fsub",2,"st(0)","st(0)",,,"C1","IS,IA,D,U,O,P","GP,SS,NM,PF,AC","GP,SS,NM","GP,SS,NM,PF,AC",
220,233,"DC","E9",,,0,,,FALSE,,,"fsub",2,"st(1)","st(0)",,,"C1","IS,IA,D,U,O,P","GP,SS,NM,PF,AC","GP,SS,NM","GP,SS,NM,PF,AC",
220,234,"DC","EA",,,0,,,FALSE,,,"fsub",2,"st(2)","st(0)",,,"C1","IS,IA,D,U,O,P","GP,SS,NM,PF,AC","GP,SS,NM","GP,SS,NM,PF,AC",
220,235,"DC","EB",,,0,,,FALSE,,,"fsub",2,"st(3)","st(0)",,,"C1","IS,IA,D,U,O,P","GP,SS,NM,PF,AC","GP,SS,NM","GP,SS,NM,PF,AC",
220,236,"DC","EC",,,0,,,FALSE,,,"fsub",2,"st(4)","st(0)",,,"C1","IS,IA,D,U,O,P","GP,SS,NM,PF,AC","GP,SS,NM","GP,SS,NM,PF,AC",
220,237,"DC","ED",,,0,,,FALSE,,,"fsub",2,"st(5)","st(0)",,,"C1","IS,IA,D,U,O,P","GP,SS,NM,PF,AC","GP,SS,NM","GP,SS,NM,PF,AC",
220,238,"DC","EE",,,0,,,FALSE,,,"fsub",2,"st(6)","st(0)",,,"C1","IS,IA,D,U,O,P","GP,SS,NM,PF,AC","GP,SS,NM","GP,SS,NM,PF,AC",
220,239,"DC","EF",,,0,,,FALSE,,,"fsub",2,"st(7)","st(0)",,,"C1","IS,IA,D,U,O,P","GP,SS,NM,PF,AC","GP,SS,NM","GP,SS,NM,PF,AC",
220,240,"DC","F0",,,0,,,FALSE,,,"fdivr",2,"st(0)","st(0)",,,"C1","IS,IA,D,Z,U,O,P","GP,SS,NM,PF,AC","GP,SS,NM","GP,SS,NM,PF,AC",
220,241,"DC","F1",,,0,,,FALSE,,,"fdivr",2,"st(1)","st(0)",,,"C1","IS,IA,D,Z,U,O,P","GP,SS,NM,PF,AC","GP,SS,NM","GP,SS,NM,PF,AC",
220,242,"DC","F2",,,0,,,FALSE,,,"fdivr",2,"st(2)","st(0)",,,"C1","IS,IA,D,Z,U,O,P","GP,SS,NM,PF,AC","GP,SS,NM","GP,SS,NM,PF,AC",
220,243,"DC","F3",,,0,,,FALSE,,,"fdivr",2,"st(3)","st(0)",,,"C1","IS,IA,D,Z,U,O,P","GP,SS,NM,PF,AC","GP,SS,NM","GP,SS,NM,PF,AC",
220,244,"DC","F4",,,0,,,FALSE,,,"fdivr",2,"st(4)","st(0)",,,"C1","IS,IA,D,Z,U,O,P","GP,SS,NM,PF,AC","GP,SS,NM","GP,SS,NM,PF,AC",
220,245,"DC","F5",,,0,,,FALSE,,,"fdivr",2,"st(5)","st(0)",,,"C1","IS,IA,D,Z,U,O,P","GP,SS,NM,PF,AC","GP,SS,NM","GP,SS,NM,PF,AC",
220,246,"DC","F6",,,0,,,FALSE,,,"fdivr",2,"st(6)","st(0)",,,"C1","IS,IA,D,Z,U,O,P","GP,SS,NM,PF,AC","GP,SS,NM","GP,SS,NM,PF,AC",
220,247,"DC","F7",,,0,,,FALSE,,,"fdivr",2,"st(7)","st(0)",,,"C1","IS,IA,D,Z,U,O,P","GP,SS,NM,PF,AC","GP,SS,NM","GP,SS,NM,PF,AC",
220,248,"DC","F8",,,0,,,FALSE,,,"fdiv",2,"st(0)","st(0)",,,"C1","IS,IA,D,Z,U,O,P","GP,SS,NM,PF,AC","GP,SS,NM","GP,SS,NM,PF,AC",
220,249,"DC","F9",,,0,,,FALSE,,,"fdiv",2,"st(1)","st(0)",,,"C1","IS,IA,D,Z,U,O,P","GP,SS,NM,PF,AC","GP,SS,NM","GP,SS,NM,PF,AC",
220,250,"DC","FA",,,0,,,FALSE,,,"fdiv",2,"st(2)","st(0)",,,"C1","IS,IA,D,Z,U,O,P","GP,SS,NM,PF,AC","GP,SS,NM","GP,SS,NM,PF,AC",
220,251,"DC","FB",,,0,,,FALSE,,,"fdiv",2,"st(3)","st(0)",,,"C1","IS,IA,D,Z,U,O,P","GP,SS,NM,PF,AC","GP,SS,NM","GP,SS,NM,PF,AC",
220,252,"DC","FC",,,0,,,FALSE,,,"fdiv",2,"st(4)","st(0)",,,"C1","IS,IA,D,Z,U,O,P","GP,SS,NM,PF,AC","GP,SS,NM","GP,SS,NM,PF,AC",
220,253,"DC","FD",,,0,,,FALSE,,,"fdiv",2,"st(5)","st(0)",,,"C1","IS,IA,D,Z,U,O,P","GP,SS,NM,PF,AC","GP,SS,NM","GP,SS,NM,PF,AC",
220,254,"DC","FE",,,0,,,FALSE,,,"fdiv",2,"st(6)","st(0)",,,"C1","IS,IA,D,Z,U,O,P","GP,SS,NM,PF,AC","GP,SS,NM","GP,SS,NM,PF,AC",
220,255,"DC","FF",,,0,,,FALSE,,,"fdiv",2,"st(7)","st(0)",,,"C1","IS,IA,D,Z,U,O,P","GP,SS,NM,PF,AC","GP,SS,NM","GP,SS,NM,PF,AC",
221,0,"DD",,,"/0",0,,,FALSE,,,"fld",1,"m 64",,,,"C1","IS,IA,D","GP,SS,NM,PF,AC","GP,SS,NM","GP,SS,NM,PF,AC",
221,0,"DD",,,"/1",0,,,FALSE,,,"fisttp",1,"m 64",,,,"C1","IS,IA,P","GP,SS,NM,PF,AC,UD","GP,SS,NM,UD","GP,SS,NM,PF,AC,UD",
221,0,"DD",,,"/2",0,,,FALSE,,,"fst",1,"m 64",,,,"C1","IS,IA,U,O,P","GP,SS,NM,PF,AC","GP,SS,NM","GP,SS,NM,PF,AC",
221,0,"DD",,,"/3",0,,,FALSE,,,"fstp",1,"m 64",,,,"C1","IS,IA,U,O,P","GP,SS,NM,PF,AC","GP,SS,NM","GP,SS,NM,PF,AC",
221,0,"DD",,,"/4",0,,,TRUE,,,"frstor",1,"m 752/864",,,,"C0,C1,C2,C3",,"GP,SS,NM,PF,AC","GP,SS,NM","GP,SS,NM,PF,AC",
221,0,"DD",,,"/6",0,,,TRUE,,,"fnsave",1,"m 752/864",,,,"C0,C1,C2,C3",,"GP,SS,NM,PF,AC","GP,SS,NM","GP,SS,NM,PF,AC",
221,0,"DD",,,"/7",0,,,FALSE,,,"fnstsw",1,"m 16",,,,,,"GP,SS,NM,PF,AC","GP,SS,NM","GP,SS,NM,PF,AC",
221,192,"DD","C0",,,0,,,FALSE,,,"ffree",1,"st(0)",,,,,,"NM","NM","NM",
221,193,"DD","C1",,,0,,,FALSE,,,"ffree",1,"st(1)",,,,,,"NM","NM","NM",
221,194,"DD","C2",,,0,,,FALSE,,,"ffree",1,"st(2)",,,,,,"NM","NM","NM",
221,195,"DD","C3",,,0,,,FALSE,,,"ffree",1,"st(3)",,,,,,"NM","NM","NM",
221,196,"DD","C4",,,0,,,FALSE,,,"ffree",1,"st(4)",,,,,,"NM","NM","NM",
221,197,"DD","C5",,,0,,,FALSE,,,"ffree",1,"st(5)",,,,,,"NM","NM","NM",
221,198,"DD","C6",,,0,,,FALSE,,,"ffree",1,"st(6)",,,,,,"NM","NM","NM",
221,199,"DD","C7",,,0,,,FALSE,,,"ffree",1,"st(7)",,,,,,"NM","NM","NM",
221,208,"DD","D0",,,0,,,FALSE,,,"fst",1,"st(0)",,,,"C1","IS,IA,U,O,P","GP,SS,NM,PF,AC","GP,SS,NM","GP,SS,NM,PF,AC",
221,209,"DD","D1",,,0,,,FALSE,,,"fst",1,"st(1)",,,,"C1","IS,IA,U,O,P","GP,SS,NM,PF,AC","GP,SS,NM","GP,SS,NM,PF,AC",
221,210,"DD","D2",,,0,,,FALSE,,,"fst",1,"st(2)",,,,"C1","IS,IA,U,O,P","GP,SS,NM,PF,AC","GP,SS,NM","GP,SS,NM,PF,AC",
221,211,"DD","D3",,,0,,,FALSE,,,"fst",1,"st(3)",,,,"C1","IS,IA,U,O,P","GP,SS,NM,PF,AC","GP,SS,NM","GP,SS,NM,PF,AC",
221,212,"DD","D4",,,0,,,FALSE,,,"fst",1,"st(4)",,,,"C1","IS,IA,U,O,P","GP,SS,NM,PF,AC","GP,SS,NM","GP,SS,NM,PF,AC",
221,213,"DD","D5",,,0,,,FALSE,,,"fst",1,"st(5)",,,,"C1","IS,IA,U,O,P","GP,SS,NM,PF,AC","GP,SS,NM","GP,SS,NM,PF,AC",
221,214,"DD","D6",,,0,,,FALSE,,,"fst",1,"st(6)",,,,"C1","IS,IA,U,O,P","GP,SS,NM,PF,AC","GP,SS,NM","GP,SS,NM,PF,AC",
221,215,"DD","D7",,,0,,,FALSE,,,"fst",1,"st(7)",,,,"C1","IS,IA,U,O,P","GP,SS,NM,PF,AC","GP,SS,NM","GP,SS,NM,PF,AC",
221,216,"DD","D8",,,0,,,FALSE,,,"fstp",1,"st(0)",,,,"C1","IS,IA,U,O,P","GP,SS,NM,PF,AC","GP,SS,NM","GP,SS,NM,PF,AC",
221,217,"DD","D9",,,0,,,FALSE,,,"fstp",1,"st(1)",,,,"C1","IS,IA,U,O,P","GP,SS,NM,PF,AC","GP,SS,NM","GP,SS,NM,PF,AC",
221,218,"DD","DA",,,0,,,FALSE,,,"fstp",1,"st(2)",,,,"C1","IS,IA,U,O,P","GP,SS,NM,PF,AC","GP,SS,NM","GP,SS,NM,PF,AC",
221,219,"DD","DB",,,0,,,FALSE,,,"fstp",1,"st(3)",,,,"C1","IS,IA,U,O,P","GP,SS,NM,PF,AC","GP,SS,NM","GP,SS,NM,PF,AC",
221,220,"DD","DC",,,0,,,FALSE,,,"fstp",1,"st(4)",,,,"C1","IS,IA,U,O,P","GP,SS,NM,PF,AC","GP,SS,NM","GP,SS,NM,PF,AC",
221,221,"DD","DD",,,0,,,FALSE,,,"fstp",1,"st(5)",,,,"C1","IS,IA,U,O,P","GP,SS,NM,PF,AC","GP,SS,NM","GP,SS,NM,PF,AC",
221,222,"DD","DE",,,0,,,FALSE,,,"fstp",1,"st(6)",,,,"C1","IS,IA,U,O,P","GP,SS,NM,PF,AC","GP,SS,NM","GP,SS,NM,PF,AC",
221,223,"DD","DF",,,0,,,FALSE,,,"fstp",1,"st(7)",,,,"C1","IS,IA,U,O,P","GP,SS,NM,PF,AC","GP,SS,NM","GP,SS,NM,PF,AC",
221,224,"DD","E0",,,0,,,FALSE,,,"fucom",1,"st(0)",,,,"C0,C1,C2,C3","IS,IA,D","NM","NM","NM",
221,225,"DD","E1",,,0,,,FALSE,,,"fucom",1,"st(1)",,,,"C0,C1,C2,C3","IS,IA,D","NM","NM","NM",
221,226,"DD","E2",,,0,,,FALSE,,,"fucom",1,"st(2)",,,,"C0,C1,C2,C3","IS,IA,D","NM","NM","NM",
221,227,"DD","E3",,,0,,,FALSE,,,"fucom",1,"st(3)",,,,"C0,C1,C2,C3","IS,IA,D","NM","NM","NM",
221,228,"DD","E4",,,0,,,FALSE,,,"fucom",1,"st(4)",,,,"C0,C1,C2,C3","IS,IA,D","NM","NM","NM",
221,229,"DD","E5",,,0,,,FALSE,,,"fucom",1,"st(5)",,,,"C0,C1,C2,C3","IS,IA,D","NM","NM","NM",
221,230,"DD","E6",,,0,,,FALSE,,,"fucom",1,"st(6)",,,,"C0,C1,C2,C3","IS,IA,D","NM","NM","NM",
221,231,"DD","E7",,,0,,,FALSE,,,"fucom",1,"st(7)",,,,"C0,C1,C2,C3","IS,IA,D","NM","NM","NM",
221,232,"DD","E8",,,0,,,FALSE,,,"fucomp",1,"st(0)",,,,"C0,C1,C2,C3","IS,IA,D","NM","NM","NM",
221,233,"DD","E9",,,0,,,FALSE,,,"fucomp",1,"st(1)",,,,"C0,C1,C2,C3","IS,IA,D","NM","NM","NM",
221,234,"DD","EA",,,0,,,FALSE,,,"fucomp",1,"st(2)",,,,"C0,C1,C2,C3","IS,IA,D","NM","NM","NM",
221,235,"DD","EB",,,0,,,FALSE,,,"fucomp",1,"st(3)",,,,"C0,C1,C2,C3","IS,IA,D","NM","NM","NM",
221,236,"DD","EC",,,0,,,FALSE,,,"fucomp",1,"st(4)",,,,"C0,C1,C2,C3","IS,IA,D","NM","NM","NM",
221,237,"DD","ED",,,0,,,FALSE,,,"fucomp",1,"st(5)",,,,"C0,C1,C2,C3","IS,IA,D","NM","NM","NM",
221,238,"DD","EE",,,0,,,FALSE,,,"fucomp",1,"st(6)",,,,"C0,C1,C2,C3","IS,IA,D","NM","NM","NM",
221,239,"DD","EF",,,0,,,FALSE,,,"fucomp",1,"st(7)",,,,"C0,C1,C2,C3","IS,IA,D","NM","NM","NM",
222,0,"DE",,,"/0",0,,,FALSE,,,"fiadd",1,"m 16",,,,"C1","IS,IA,D,U,O,P","GP,SS,NM,PF,AC","GP,SS,NM","GP,SS,NM,PF,AC",
222,0,"DE",,,"/1",0,,,FALSE,,,"fimul",1,"m 16",,,,"C1","IS,IA,D,U,O,P","GP,SS,NM,PF,AC","GP,SS,NM","GP,SS,NM,PF,AC",
222,0,"DE",,,"/2",0,,,FALSE,,,"ficom",1,"m 16",,,,"C0,C1,C2,C3","IS,IA,D","GP,SS,NM,PF,AC","GP,SS,NM","GP,SS,NM,PF,AC",
222,0,"DE",,,"/3",0,,,FALSE,,,"ficomp",1,"m 16",,,,"C0,C1,C2,C3","IS,IA,D","GP,SS,NM,PF,AC","GP,SS,NM","GP,SS,NM,PF,AC",
222,0,"DE",,,"/4",0,,,FALSE,,,"fisub",1,"m 16",,,,"C1","IS,IA,D,U,O,P","GP,SS,NM,PF,AC","GP,SS,NM","GP,SS,NM,PF,AC",
222,0,"DE",,,"/5",0,,,FALSE,,,"fisubr",1,"m 16",,,,"C1","IS,IA,D,U,O,P","GP,SS,NM,PF,AC","GP,SS,NM","GP,SS,NM,PF,AC",
222,0,"DE",,,"/6",0,,,FALSE,,,"fidiv",1,"m 16",,,,"C1","IS,IA,D,Z,U,O,P","GP,SS,NM,PF,AC","GP,SS,NM","GP,SS,NM,PF,AC",
222,0,"DE",,,"/7",0,,,FALSE,,,"fidivr",1,"m 16",,,,"C1","IS,IA,D,Z,U,O,P","GP,SS,NM,PF,AC","GP,SS,NM","GP,SS,NM,PF,AC",
222,192,"DE","C0",,,0,,,FALSE,,,"faddp",2,"st(0)","st(0)",,,"C1","IS,IA,D,U,O,P","GP,SS,NM,PF,AC","GP,SS,NM","GP,SS,NM,PF,AC",
222,193,"DE","C1",,,0,,,FALSE,,,"faddp",2,"st(1)","st(0)",,,"C1","IS,IA,D,U,O,P","GP,SS,NM,PF,AC","GP,SS,NM","GP,SS,NM,PF,AC",
222,194,"DE","C2",,,0,,,FALSE,,,"faddp",2,"st(2)","st(0)",,,"C1","IS,IA,D,U,O,P","GP,SS,NM,PF,AC","GP,SS,NM","GP,SS,NM,PF,AC",
222,195,"DE","C3",,,0,,,FALSE,,,"faddp",2,"st(3)","st(0)",,,"C1","IS,IA,D,U,O,P","GP,SS,NM,PF,AC","GP,SS,NM","GP,SS,NM,PF,AC",
222,196,"DE","C4",,,0,,,FALSE,,,"faddp",2,"st(4)","st(0)",,,"C1","IS,IA,D,U,O,P","GP,SS,NM,PF,AC","GP,SS,NM","GP,SS,NM,PF,AC",
222,197,"DE","C5",,,0,,,FALSE,,,"faddp",2,"st(5)","st(0)",,,"C1","IS,IA,D,U,O,P","GP,SS,NM,PF,AC","GP,SS,NM","GP,SS,NM,PF,AC",
222,198,"DE","C6",,,0,,,FALSE,,,"faddp",2,"st(6)","st(0)",,,"C1","IS,IA,D,U,O,P","GP,SS,NM,PF,AC","GP,SS,NM","GP,SS,NM,PF,AC",
222,199,"DE","C7",,,0,,,FALSE,,,"faddp",2,"st(7)","st(0)",,,"C1","IS,IA,D,U,O,P","GP,SS,NM,PF,AC","GP,SS,NM","GP,SS,NM,PF,AC",
222,200,"DE","C8",,,0,,,FALSE,,,"fmulp",2,"st(0)","st(0)",,,"C1","IS,IA,D,U,O,P","GP,SS,NM,PF,AC","GP,SS,NM","GP,SS,NM,PF,AC",
222,201,"DE","C9",,,0,,,FALSE,,,"fmulp",2,"st(1)","st(0)",,,"C1","IS,IA,D,U,O,P","GP,SS,NM,PF,AC","GP,SS,NM","GP,SS,NM,PF,AC",
222,202,"DE","CA",,,0,,,FALSE,,,"fmulp",2,"st(2)","st(0)",,,"C1","IS,IA,D,U,O,P","GP,SS,NM,PF,AC","GP,SS,NM","GP,SS,NM,PF,AC",
222,203,"DE","CB",,,0,,,FALSE,,,"fmulp",2,"st(3)","st(0)",,,"C1","IS,IA,D,U,O,P","GP,SS,NM,PF,AC","GP,SS,NM","GP,SS,NM,PF,AC",
222,204,"DE","CC",,,0,,,FALSE,,,"fmulp",2,"st(4)","st(0)",,,"C1","IS,IA,D,U,O,P","GP,SS,NM,PF,AC","GP,SS,NM","GP,SS,NM,PF,AC",
222,205,"DE","CD",,,0,,,FALSE,,,"fmulp",2,"st(5)","st(0)",,,"C1","IS,IA,D,U,O,P","GP,SS,NM,PF,AC","GP,SS,NM","GP,SS,NM,PF,AC",
222,206,"DE","CE",,,0,,,FALSE,,,"fmulp",2,"st(6)","st(0)",,,"C1","IS,IA,D,U,O,P","GP,SS,NM,PF,AC","GP,SS,NM","GP,SS,NM,PF,AC",
222,207,"DE","CF",,,0,,,FALSE,,,"fmulp",2,"st(7)","st(0)",,,"C1","IS,IA,D,U,O,P","GP,SS,NM,PF,AC","GP,SS,NM","GP,SS,NM,PF,AC",
222,217,"DE","D9",,,0,,,FALSE,,,"fcompp",0,,,,,"C0,C1,C2,C3","IS,IA,D","GP,SS,NM,PF,AC","GP,SS,NM","GP,SS,NM,PF,AC",
222,224,"DE","E0",,,0,,,FALSE,,,"fsubrp",2,"st(0)","st(0)",,,"C1","IS,IA,D,U,O,P","GP,SS,NM,PF,AC","GP,SS,NM","GP,SS,NM,PF,AC",
222,225,"DE","E1",,,0,,,FALSE,,,"fsubrp",2,"st(1)","st(0)",,,"C1","IS,IA,D,U,O,P","GP,SS,NM,PF,AC","GP,SS,NM","GP,SS,NM,PF,AC",
222,226,"DE","E2",,,0,,,FALSE,,,"fsubrp",2,"st(2)","st(0)",,,"C1","IS,IA,D,U,O,P","GP,SS,NM,PF,AC","GP,SS,NM","GP,SS,NM,PF,AC",
222,227,"DE","E3",,,0,,,FALSE,,,"fsubrp",2,"st(3)","st(0)",,,"C1","IS,IA,D,U,O,P","GP,SS,NM,PF,AC","GP,SS,NM","GP,SS,NM,PF,AC",
222,228,"DE","E4",,,0,,,FALSE,,,"fsubrp",2,"st(4)","st(0)",,,"C1","IS,IA,D,U,O,P","GP,SS,NM,PF,AC","GP,SS,NM","GP,SS,NM,PF,AC",
222,229,"DE","E5",,,0,,,FALSE,,,"fsubrp",2,"st(5)","st(0)",,,"C1","IS,IA,D,U,O,P","GP,SS,NM,PF,AC","GP,SS,NM","GP,SS,NM,PF,AC",
222,230,"DE","E6",,,0,,,FALSE,,,"fsubrp",2,"st(6)","st(0)",,,"C1","IS,IA,D,U,O,P","GP,SS,NM,PF,AC","GP,SS,NM","GP,SS,NM,PF,AC",
222,231,"DE","E7",,,0,,,FALSE,,,"fsubrp",2,"st(7)","st(0)",,,"C1","IS,IA,D,U,O,P","GP,SS,NM,PF,AC","GP,SS,NM","GP,SS,NM,PF,AC",
222,232,"DE","E8",,,0,,,FALSE,,,"fsubp",2,"st(0)","st(0)",,,"C1","IS,IA,D,U,O,P","GP,SS,NM,PF,AC","GP,SS,NM","GP,SS,NM,PF,AC",
222,233,"DE","E9",,,0,,,FALSE,,,"fsubp",2,"st(1)","st(0)",,,"C1","IS,IA,D,U,O,P","GP,SS,NM,PF,AC","GP,SS,NM","GP,SS,NM,PF,AC",
222,234,"DE","EA",,,0,,,FALSE,,,"fsubp",2,"st(2)","st(0)",,,"C1","IS,IA,D,U,O,P","GP,SS,NM,PF,AC","GP,SS,NM","GP,SS,NM,PF,AC",
222,235,"DE","EB",,,0,,,FALSE,,,"fsubp",2,"st(3)","st(0)",,,"C1","IS,IA,D,U,O,P","GP,SS,NM,PF,AC","GP,SS,NM","GP,SS,NM,PF,AC",
222,236,"DE","EC",,,0,,,FALSE,,,"fsubp",2,"st(4)","st(0)",,,"C1","IS,IA,D,U,O,P","GP,SS,NM,PF,AC","GP,SS,NM","GP,SS,NM,PF,AC",
222,237,"DE","ED",,,0,,,FALSE,,,"fsubp",2,"st(5)","st(0)",,,"C1","IS,IA,D,U,O,P","GP,SS,NM,PF,AC","GP,SS,NM","GP,SS,NM,PF,AC",
222,238,"DE","EE",,,0,,,FALSE,,,"fsubp",2,"st(6)","st(0)",,,"C1","IS,IA,D,U,O,P","GP,SS,NM,PF,AC","GP,SS,NM","GP,SS,NM,PF,AC",
222,239,"DE","EF",,,0,,,FALSE,,,"fsubp",2,"st(7)","st(0)",,,"C1","IS,IA,D,U,O,P","GP,SS,NM,PF,AC","GP,SS,NM","GP,SS,NM,PF,AC",
222,240,"DE","F0",,,0,,,FALSE,,,"fdivrp",2,"st(0)","st(0)",,,"C1","IS,IA,D,Z,U,O,P","GP,SS,NM,PF,AC","GP,SS,NM","GP,SS,NM,PF,AC",
222,241,"DE","F1",,,0,,,FALSE,,,"fdivrp",2,"st(1)","st(0)",,,"C1","IS,IA,D,Z,U,O,P","GP,SS,NM,PF,AC","GP,SS,NM","GP,SS,NM,PF,AC",
222,242,"DE","F2",,,0,,,FALSE,,,"fdivrp",2,"st(2)","st(0)",,,"C1","IS,IA,D,Z,U,O,P","GP,SS,NM,PF,AC","GP,SS,NM","GP,SS,NM,PF,AC",
222,243,"DE","F3",,,0,,,FALSE,,,"fdivrp",2,"st(3)","st(0)",,,"C1","IS,IA,D,Z,U,O,P","GP,SS,NM,PF,AC","GP,SS,NM","GP,SS,NM,PF,AC",
222,244,"DE","F4",,,0,,,FALSE,,,"fdivrp",2,"st(4)","st(0)",,,"C1","IS,IA,D,Z,U,O,P","GP,SS,NM,PF,AC","GP,SS,NM","GP,SS,NM,PF,AC",
222,245,"DE","F5",,,0,,,FALSE,,,"fdivrp",2,"st(5)","st(0)",,,"C1","IS,IA,D,Z,U,O,P","GP,SS,NM,PF,AC","GP,SS,NM","GP,SS,NM,PF,AC",
222,246,"DE","F6",,,0,,,FALSE,,,"fdivrp",2,"st(6)","st(0)",,,"C1","IS,IA,D,Z,U,O,P","GP,SS,NM,PF,AC","GP,SS,NM","GP,SS,NM,PF,AC",
222,247,"DE","F7",,,0,,,FALSE,,,"fdivrp",2,"st(7)","st(0)",,,"C1","IS,IA,D,Z,U,O,P","GP,SS,NM,PF,AC","GP,SS,NM","GP,SS,NM,PF,AC",
222,248,"DE","F8",,,0,,,FALSE,,,"fdivp",2,"st(0)","st(0)",,,"C1","IS,IA,D,Z,U,O,P","GP,SS,NM,PF,AC","GP,SS,NM","GP,SS,NM,PF,AC",
222,249,"DE","F9",,,0,,,FALSE,,,"fdivp",2,"st(1)","st(0)",,,"C1","IS,IA,D,Z,U,O,P","GP,SS,NM,PF,AC","GP,SS,NM","GP,SS,NM,PF,AC",
222,250,"DE","FA",,,0,,,FALSE,,,"fdivp",2,"st(2)","st(0)",,,"C1","IS,IA,D,Z,U,O,P","GP,SS,NM,PF,AC","GP,SS,NM","GP,SS,NM,PF,AC",
222,251,"DE","FB",,,0,,,FALSE,,,"fdivp",2,"st(3)","st(0)",,,"C1","IS,IA,D,Z,U,O,P","GP,SS,NM,PF,AC","GP,SS,NM","GP,SS,NM,PF,AC",
222,252,"DE","FC",,,0,,,FALSE,,,"fdivp",2,"st(4)","st(0)",,,"C1","IS,IA,D,Z,U,O,P","GP,SS,NM,PF,AC","GP,SS,NM","GP,SS,NM,PF,AC",
222,253,"DE","FD",,,0,,,FALSE,,,"fdivp",2,"st(5)","st(0)",,,"C1","IS,IA,D,Z,U,O,P","GP,SS,NM,PF,AC","GP,SS,NM","GP,SS,NM,PF,AC",
222,254,"DE","FE",,,0,,,FALSE,,,"fdivp",2,"st(6)","st(0)",,,"C1","IS,IA,D,Z,U,O,P","GP,SS,NM,PF,AC","GP,SS,NM","GP,SS,NM,PF,AC",
222,255,"DE","FF",,,0,,,FALSE,,,"fdivp",2,"st(7)","st(0)",,,"C1","IS,IA,D,Z,U,O,P","GP,SS,NM,PF,AC","GP,SS,NM","GP,SS,NM,PF,AC",
223,0,"DF",,,"/0",0,,,FALSE,,,"fild",1,"m 16",,,,"C1","IS","GP,SS,NM,PF,AC","GP,SS,NM","GP,SS,NM,PF,AC",
223,0,"DF",,,"/1",0,,,FALSE,,,"fisttp",1,"m 16",,,,"C1","IS,IA,P","GP,SS,NM,PF,AC,UD","GP,SS,NM,UD","GP,SS,NM,PF,AC,UD",
223,0,"DF",,,"/2",0,,,FALSE,,,"fist",1,"m 16",,,,"C1","IS,IA,P","GP,SS,NM,PF,AC","GP,SS,NM","GP,SS,NM,PF,AC",
223,0,"DF",,,"/3",0,,,FALSE,,,"fistp",1,"m 16",,,,"C1","IS,IA,P","GP,SS,NM,PF,AC","GP,SS,NM","GP,SS,NM,PF,AC",
223,0,"DF",,,"/4",0,,,FALSE,,,"fbld",1,"m 80",,,,"C1","IS","GP,SS,NM,PF,AC","GP,SS,NM","GP,SS,NM,PF,AC",
223,0,"DF",,,"/5",0,,,FALSE,,,"fild",1,"m 64",,,,"C1","IS","GP,SS,NM,PF,AC","GP,SS,NM","GP,SS,NM,PF,AC",
223,0,"DF",,,"/6",0,,,FALSE,,,"fbstp",1,"m 80",,,,"C1","IS,IA,P","GP,SS,NM,PF,AC","GP,SS,NM","GP,SS,NM,PF,AC",
223,0,"DF",,,"/7",0,,,FALSE,,,"fistp",1,"m 64",,,,"C1","IS,IA,P","GP,SS,NM,PF,AC","GP,SS,NM","GP,SS,NM,PF,AC",
223,224,"DF","E0",,,0,,,FALSE,,,"fnstsw",1,"ax",,,,,,"GP,SS,NM,PF,AC","GP,SS,NM","GP,SS,NM,PF,AC",
223,232,"DF","E8",,,0,,,FALSE,,,"fucomip",2,"st(0)","st(0)",,"ZF,PF,CF,OF","C1","IS,IA","NM","NM","NM",
223,233,"DF","E9",,,0,,,FALSE,,,"fucomip",2,"st(0)","st(1)",,"ZF,PF,CF,OF","C1","IS,IA","NM","NM","NM",
223,234,"DF","EA",,,0,,,FALSE,,,"fucomip",2,"st(0)","st(2)",,"ZF,PF,CF,OF","C1","IS,IA","NM","NM","NM",
223,235,"DF","EB",,,0,,,FALSE,,,"fucomip",2,"st(0)","st(3)",,"ZF,PF,CF,OF","C1","IS,IA","NM","NM","NM",
223,236,"DF","EC",,,0,,,FALSE,,,"fucomip",2,"st(0)","st(4)",,"ZF,PF,CF,OF","C1","IS,IA","NM","NM","NM",
223,237,"DF","ED",,,0,,,FALSE,,,"fucomip",2,"st(0)","st(5)",,"ZF,PF,CF,OF","C1","IS,IA","NM","NM","NM",
223,238,"DF","EE",,,0,,,FALSE,,,"fucomip",2,"st(0)","st(6)",,"ZF,PF,CF,OF","C1","IS,IA","NM","NM","NM",
223,239,"DF","EF",,,0,,,FALSE,,,"fucomip",2,"st(0)","st(7)",,"ZF,PF,CF,OF","C1","IS,IA","NM","NM","NM",
223,240,"DF","F0",,,0,,,FALSE,,,"fcomip",2,"st(0)","st(0)",,"ZF,PF,CF,OF","C1","IS,IA","NM","NM","NM",
223,241,"DF","F1",,,0,,,FALSE,,,"fcomip",2,"st(0)","st(1)",,"ZF,PF,CF,OF","C1","IS,IA","NM","NM","NM",
223,242,"DF","F2",,,0,,,FALSE,,,"fcomip",2,"st(0)","st(2)",,"ZF,PF,CF,OF","C1","IS,IA","NM","NM","NM",
223,243,"DF","F3",,,0,,,FALSE,,,"fcomip",2,"st(0)","st(3)",,"ZF,PF,CF,OF","C1","IS,IA","NM","NM","NM",
223,244,"DF","F4",,,0,,,FALSE,,,"fcomip",2,"st(0)","st(4)",,"ZF,PF,CF,OF","C1","IS,IA","NM","NM","NM",
223,245,"DF","F5",,,0,,,FALSE,,,"fcomip",2,"st(0)","st(5)",,"ZF,PF,CF,OF","C1","IS,IA","NM","NM","NM",
223,246,"DF","F6",,,0,,,FALSE,,,"fcomip",2,"st(0)","st(6)",,"ZF,PF,CF,OF","C1","IS,IA","NM","NM","NM",
223,247,"DF","F7",,,0,,,FALSE,,,"fcomip",2,"st(0)","st(7)",,"ZF,PF,CF,OF","C1","IS,IA","NM","NM","NM",
