"dec1","dec2","dec3","hex1","hex2","hex3","modrm","#operands","operand1","operand2","66H ?","REP ?","REPNZ ?","mnemonic","#asm_operands","asm operand1","asm operand2","asm operand3","eflags","fpu flags","exception fpu","exception p","exception r","exception v"
0,0,0,"00",,,"/r",0,,,FALSE,,,"add",2,"r/m 8","r 8",,"OF,SF,ZF,AF,CF,PF",,,"GP,SS,PF,AC","GP,SS","GP,SS,PF,AC"
1,0,0,"01",,,"/r",0,,,TRUE,,,"add",2,"r/m 16/32","r 16/32",,"OF,SF,ZF,AF,CF,PF",,,"GP,SS,PF,AC","GP,SS","GP,SS,PF,AC"
2,0,0,"02",,,"/r",0,,,FALSE,,,"add",2,"r 8","r/m 8",,"OF,SF,ZF,AF,CF,PF",,,"GP,SS,PF,AC","GP,SS","GP,SS,PF,AC"
3,0,0,"03",,,"/r",0,,,TRUE,,,"add",2,"r 16/32","r/m 16/32",,"OF,SF,ZF,AF,CF,PF",,,"GP,SS,PF,AC","GP,SS","GP,SS,PF,AC"
4,0,0,"04",,,,1,"imm 8",,FALSE,,,"add",2,"al","imm 8",,"OF,SF,ZF,AF,CF,PF",,,"GP,SS,PF,AC","GP,SS","GP,SS,PF,AC"
5,0,0,"05",,,,1,"imm 16/32",,TRUE,,,"add",2,"ax/eax","imm 16/32",,"OF,SF,ZF,AF,CF,PF",,,"GP,SS,PF,AC","GP,SS","GP,SS,PF,AC"
6,0,0,"06",,,,0,,,TRUE,,,"push",1,"es",,,,,,"GP,SS,PF,AC","GP,SS","GP,SS,PF,AC"
7,0,0,"07",,,,0,,,TRUE,,,"pop",1,"es",,,,,,"GP,SS,NP,PF,AC","GP","GP,PF,AC"
8,0,0,"08",,,"/r",0,,,FALSE,,,"or",2,"r/m 8","r 8",,"CF,OF,SF,ZF,PF",,,"GP,SS,PF,AC","GP,SS","GP,SS,PF,AC"
9,0,0,"09",,,"/r",0,,,TRUE,,,"or",2,"r/m 16/32","r 16/32",,"CF,OF,SF,ZF,PF",,,"GP,SS,PF,AC","GP,SS","GP,SS,PF,AC"
10,0,0,"0A",,,"/r",0,,,FALSE,,,"or",2,"r 8","r/m 8",,"CF,OF,SF,ZF,PF",,,"GP,SS,PF,AC","GP,SS","GP,SS,PF,AC"
11,0,0,"0B",,,"/r",0,,,TRUE,,,"or",2,"r 16/32","r/m 16/32",,"CF,OF,SF,ZF,PF",,,"GP,SS,PF,AC","GP,SS","GP,SS,PF,AC"
12,0,0,"0C",,,,1,"imm 8",,FALSE,,,"or",2,"al","imm 8",,"CF,OF,SF,ZF,PF",,,"GP,SS,PF,AC","GP,SS","GP,SS,PF,AC"
13,0,0,"0D",,,,1,"imm 16/32",,TRUE,,,"or",2,"ax/eax","imm 16/32",,"CF,OF,SF,ZF,PF",,,"GP,SS,PF,AC","GP,SS","GP,SS,PF,AC"
14,0,0,"0E",,,,0,,,TRUE,,,"push",1,"cs",,,,,,"GP,SS,PF,AC","GP,SS","GP,SS,PF,AC"
16,0,0,10,,,"/r",0,,,FALSE,,,"adc",2,"r/m 8","r 8",,"OF,SF,ZF,AF,CF,PF",,,"GP,SS,PF,AC","GP,SS","GP,SS,PF,AC"
17,0,0,11,,,"/r",0,,,TRUE,,,"adc",2,"r/m 16/32","r 16/32",,"OF,SF,ZF,AF,CF,PF",,,"GP,SS,PF,AC","GP,SS","GP,SS,PF,AC"
18,0,0,12,,,"/r",0,,,FALSE,,,"adc",2,"r 8","r/m 8",,"OF,SF,ZF,AF,CF,PF",,,"GP,SS,PF,AC","GP,SS","GP,SS,PF,AC"
19,0,0,13,,,"/r",0,,,TRUE,,,"adc",2,"r 16/32","r/m 16/32",,"OF,SF,ZF,AF,CF,PF",,,"GP,SS,PF,AC","GP,SS","GP,SS,PF,AC"
20,0,0,14,,,,1,"imm 8",,FALSE,,,"adc",2,"al","imm 8",,"OF,SF,ZF,AF,CF,PF",,,"GP,SS,PF,AC","GP,SS","GP,SS,PF,AC"
21,0,0,15,,,,1,"imm 16/32",,TRUE,,,"adc",2,"ax/eax","imm 16/32",,"OF,SF,ZF,AF,CF,PF",,,"GP,SS,PF,AC","GP,SS","GP,SS,PF,AC"
22,0,0,16,,,,0,,,TRUE,,,"push",1,"ss",,,,,,"GP,SS,PF,AC","GP,SS","GP,SS,PF,AC"
23,0,0,17,,,,0,,,TRUE,,,"pop",1,"ss",,,,,,"GP,SS,NP,PF,AC","GP","GP,PF,AC"
24,0,0,18,,,"/r",0,,,FALSE,,,"sbb",2,"r/m 8","r 8",,"CF,OF,SF,ZF,AF,PF",,,"GP,SS,PF,AC","GP,SS","GP,SS,PF,AC"
25,0,0,19,,,"/r",0,,,TRUE,,,"sbb",2,"r/m 16/32","r 16/32",,"CF,OF,SF,ZF,AF,PF",,,"GP,SS,PF,AC","GP,SS","GP,SS,PF,AC"
26,0,0,"1A",,,"/r",0,,,FALSE,,,"sbb",2,"r 8","r/m 8",,"CF,OF,SF,ZF,AF,PF",,,"GP,SS,PF,AC","GP,SS","GP,SS,PF,AC"
27,0,0,"1B",,,"/r",0,,,TRUE,,,"sbb",2,"r 16/32","r/m 16/32",,"CF,OF,SF,ZF,AF,PF",,,"GP,SS,PF,AC","GP,SS","GP,SS,PF,AC"
28,0,0,"1C",,,,1,"imm 8",,FALSE,,,"sbb",2,"al","imm 8",,"CF,OF,SF,ZF,AF,PF",,,"GP,SS,PF,AC","GP,SS","GP,SS,PF,AC"
29,0,0,"1D",,,,1,"imm 16/32",,TRUE,,,"sbb",2,"ax/eax","imm 16/32",,"CF,OF,SF,ZF,AF,PF",,,"GP,SS,PF,AC","GP,SS","GP,SS,PF,AC"
30,0,0,"1E",,,,0,,,TRUE,,,"push",1,"ds",,,,,,"GP,SS,PF,AC","GP,SS","GP,SS,PF,AC"
31,0,0,"1F",,,,0,,,TRUE,,,"pop",1,"ds",,,,,,"GP,SS,NP,PF,AC","GP","GP,PF,AC"
32,0,0,20,,,"/r",0,,,FALSE,,,"and",2,"r/m 8","r 8",,"OF,SF,ZF,CF,PF",,,"GP,SS,PF,AC","GP,SS","GP,SS,PF,AC"
33,0,0,21,,,"/r",0,,,TRUE,,,"and",2,"r/m 16/32","r 16/32",,"OF,SF,ZF,CF,PF",,,"GP,SS,PF,AC","GP,SS","GP,SS,PF,AC"
34,0,0,22,,,"/r",0,,,FALSE,,,"and",2,"r 8","r/m 8",,"OF,SF,ZF,CF,PF",,,"GP,SS,PF,AC","GP,SS","GP,SS,PF,AC"
35,0,0,23,,,"/r",0,,,TRUE,,,"and",2,"r 16/32","r/m 16/32",,"OF,SF,ZF,CF,PF",,,"GP,SS,PF,AC","GP,SS","GP,SS,PF,AC"
36,0,0,24,,,,1,"imm 8",,FALSE,,,"and",2,"al","imm 8",,"OF,SF,ZF,CF,PF",,,"GP,SS,PF,AC","GP,SS","GP,SS,PF,AC"
37,0,0,25,,,,1,"imm 16/32",,TRUE,,,"and",2,"ax/eax","imm 16/32",,"OF,SF,ZF,CF,PF",,,"GP,SS,PF,AC","GP,SS","GP,SS,PF,AC"
39,0,0,27,,,,0,,,FALSE,,,"daa",0,,,,"CF,AF,SF,ZF,PF",,,,,
40,0,0,28,,,"/r",0,,,FALSE,,,"sub",2,"r/m 8","r 8",,"CF,OF,SF,ZF,AF,PF",,,"GP,SS,PF,AC","GP,SS","GP,SS,PF,AC"
41,0,0,29,,,"/r",0,,,TRUE,,,"sub",2,"r/m 16/32","r 16/32",,"CF,OF,SF,ZF,AF,PF",,,"GP,SS,PF,AC","GP,SS","GP,SS,PF,AC"
42,0,0,"2A",,,"/r",0,,,FALSE,,,"sub",2,"r 8","r/m 8",,"CF,OF,SF,ZF,AF,PF",,,"GP,SS,PF,AC","GP,SS","GP,SS,PF,AC"
43,0,0,"2B",,,"/r",0,,,TRUE,,,"sub",2,"r 16/32","r/m 16/32",,"CF,OF,SF,ZF,AF,PF",,,"GP,SS,PF,AC","GP,SS","GP,SS,PF,AC"
44,0,0,"2C",,,,1,"imm 8",,FALSE,,,"sub",2,"al","imm 8",,"CF,OF,SF,ZF,AF,PF",,,"GP,SS,PF,AC","GP,SS","GP,SS,PF,AC"
45,0,0,"2D",,,,1,"imm 16/32",,TRUE,,,"sub",2,"ax/eax","imm 16/32",,"CF,OF,SF,ZF,AF,PF",,,"GP,SS,PF,AC","GP,SS","GP,SS,PF,AC"
47,0,0,"2F",,,,0,,,FALSE,,,"das",0,,,,"CF,AF,SF,ZF,PF",,,,,
48,0,0,30,,,"/r",0,,,FALSE,,,"xor",2,"r/m 8","r 8",,"CF,OF,SF,ZF,PF",,,"GP,SS,PF,AC","GP,SS","GP,SS,PF,AC"
49,0,0,31,,,"/r",0,,,TRUE,,,"xor",2,"r/m 16/32","r 16/32",,"CF,OF,SF,ZF,PF",,,"GP,SS,PF,AC","GP,SS","GP,SS,PF,AC"
50,0,0,32,,,"/r",0,,,FALSE,,,"xor",2,"r 8","r/m 8",,"CF,OF,SF,ZF,PF",,,"GP,SS,PF,AC","GP,SS","GP,SS,PF,AC"
51,0,0,33,,,"/r",0,,,TRUE,,,"xor",2,"r 16/32","r/m 16/32",,"CF,OF,SF,ZF,PF",,,"GP,SS,PF,AC","GP,SS","GP,SS,PF,AC"
52,0,0,34,,,,1,"imm 8",,FALSE,,,"xor",2,"al","imm 8",,"CF,OF,SF,ZF,PF",,,"GP,SS,PF,AC","GP,SS","GP,SS,PF,AC"
53,0,0,35,,,,1,"imm 16/32",,TRUE,,,"xor",2,"ax/eax","imm 16/32",,"CF,OF,SF,ZF,PF",,,"GP,SS,PF,AC","GP,SS","GP,SS,PF,AC"
55,0,0,37,,,,0,,,FALSE,,,"aaa",0,,,,"AF,CF",,,,,
56,0,0,38,,,"/r",0,,,FALSE,,,"cmp",2,"r/m 8","r 8",,"CF,OF,SF,ZF,AF,PF",,,"GP,SS,PF,AC","GP,SS","GP,SS,PF,AC"
57,0,0,39,,,"/r",0,,,TRUE,,,"cmp",2,"r/m 16/32","r 16/32",,"CF,OF,SF,ZF,AF,PF",,,"GP,SS,PF,AC","GP,SS","GP,SS,PF,AC"
58,0,0,"3A",,,"/r",0,,,FALSE,,,"cmp",2,"r 8","r/m 8",,"CF,OF,SF,ZF,AF,PF",,,"GP,SS,PF,AC","GP,SS","GP,SS,PF,AC"
59,0,0,"3B",,,"/r",0,,,TRUE,,,"cmp",2,"r 16/32","r/m 16/32",,"CF,OF,SF,ZF,AF,PF",,,"GP,SS,PF,AC","GP,SS","GP,SS,PF,AC"
60,0,0,"3C",,,,1,"imm 8",,FALSE,,,"cmp",2,"al","imm 8",,"CF,OF,SF,ZF,AF,PF",,,"GP,SS,PF,AC","GP,SS","GP,SS,PF,AC"
61,0,0,"3D",,,,1,"imm 16/32",,TRUE,,,"cmp",2,"ax/eax","imm 16/32",,"CF,OF,SF,ZF,AF,PF",,,"GP,SS,PF,AC","GP,SS","GP,SS,PF,AC"
63,0,0,"3F",,,,0,,,FALSE,,,"aas",0,,,,"AF,CF",,,,,
64,0,0,40,,,,0,,,TRUE,,,"inc",1,"ax/eax",,,"OF,SF,ZF,AF,PF",,,"GP,SS,PF,AC","GP,SS","GP,SS,PF,AC"
65,0,0,41,,,,0,,,TRUE,,,"inc",1,"cx/ecx",,,"OF,SF,ZF,AF,PF",,,"GP,SS,PF,AC","GP,SS","GP,SS,PF,AC"
66,0,0,42,,,,0,,,TRUE,,,"inc",1,"dx/edx",,,"OF,SF,ZF,AF,PF",,,"GP,SS,PF,AC","GP,SS","GP,SS,PF,AC"
67,0,0,43,,,,0,,,TRUE,,,"inc",1,"bx/ebx",,,"OF,SF,ZF,AF,PF",,,"GP,SS,PF,AC","GP,SS","GP,SS,PF,AC"
68,0,0,44,,,,0,,,TRUE,,,"inc",1,"sp/esp",,,"OF,SF,ZF,AF,PF",,,"GP,SS,PF,AC","GP,SS","GP,SS,PF,AC"
69,0,0,45,,,,0,,,TRUE,,,"inc",1,"bp/ebp",,,"OF,SF,ZF,AF,PF",,,"GP,SS,PF,AC","GP,SS","GP,SS,PF,AC"
70,0,0,46,,,,0,,,TRUE,,,"inc",1,"si/esi",,,"OF,SF,ZF,AF,PF",,,"GP,SS,PF,AC","GP,SS","GP,SS,PF,AC"
71,0,0,47,,,,0,,,TRUE,,,"inc",1,"di/edi",,,"OF,SF,ZF,AF,PF",,,"GP,SS,PF,AC","GP,SS","GP,SS,PF,AC"
72,0,0,48,,,,0,,,TRUE,,,"dec",1,"ax/eax",,,"OF,SF,ZF,AF,PF",,,"GP,SS,PF,AC","GP,SS","GP,SS,PF,AC"
73,0,0,49,,,,0,,,TRUE,,,"dec",1,"cx/ecx",,,"OF,SF,ZF,AF,PF",,,"GP,SS,PF,AC","GP,SS","GP,SS,PF,AC"
74,0,0,"4A",,,,0,,,TRUE,,,"dec",1,"dx/edx",,,"OF,SF,ZF,AF,PF",,,"GP,SS,PF,AC","GP,SS","GP,SS,PF,AC"
75,0,0,"4B",,,,0,,,TRUE,,,"dec",1,"bx/ebx",,,"OF,SF,ZF,AF,PF",,,"GP,SS,PF,AC","GP,SS","GP,SS,PF,AC"
76,0,0,"4C",,,,0,,,TRUE,,,"dec",1,"sp/esp",,,"OF,SF,ZF,AF,PF",,,"GP,SS,PF,AC","GP,SS","GP,SS,PF,AC"
77,0,0,"4D",,,,0,,,TRUE,,,"dec",1,"bp/ebp",,,"OF,SF,ZF,AF,PF",,,"GP,SS,PF,AC","GP,SS","GP,SS,PF,AC"
78,0,0,"4E",,,,0,,,TRUE,,,"dec",1,"si/esi",,,"OF,SF,ZF,AF,PF",,,"GP,SS,PF,AC","GP,SS","GP,SS,PF,AC"
79,0,0,"4F",,,,0,,,TRUE,,,"dec",1,"di/edi",,,"OF,SF,ZF,AF,PF",,,"GP,SS,PF,AC","GP,SS","GP,SS,PF,AC"
80,0,0,50,,,,0,,,TRUE,,,"push",1,"ax/eax",,,,,,"GP,SS,PF,AC","GP,SS","GP,SS,PF,AC"
81,0,0,51,,,,0,,,TRUE,,,"push",1,"cx/ecx",,,,,,"GP,SS,PF,AC","GP,SS","GP,SS,PF,AC"
82,0,0,52,,,,0,,,TRUE,,,"push",1,"dx/edx",,,,,,"GP,SS,PF,AC","GP,SS","GP,SS,PF,AC"
83,0,0,53,,,,0,,,TRUE,,,"push",1,"bx/ebx",,,,,,"GP,SS,PF,AC","GP,SS","GP,SS,PF,AC"
84,0,0,54,,,,0,,,TRUE,,,"push",1,"sp/esp",,,,,,"GP,SS,PF,AC","GP,SS","GP,SS,PF,AC"
85,0,0,55,,,,0,,,TRUE,,,"push",1,"bp/ebp",,,,,,"GP,SS,PF,AC","GP,SS","GP,SS,PF,AC"
86,0,0,56,,,,0,,,TRUE,,,"push",1,"si/esi",,,,,,"GP,SS,PF,AC","GP,SS","GP,SS,PF,AC"
87,0,0,57,,,,0,,,TRUE,,,"push",1,"di/edi",,,,,,"GP,SS,PF,AC","GP,SS","GP,SS,PF,AC"
88,0,0,58,,,,0,,,TRUE,,,"pop",1,"ax/eax",,,,,,"GP,SS,NP,PF,AC","GP","GP,PF,AC"
89,0,0,59,,,,0,,,TRUE,,,"pop",1,"cx/ecx",,,,,,"GP,SS,NP,PF,AC","GP","GP,PF,AC"
90,0,0,"5A",,,,0,,,TRUE,,,"pop",1,"dx/edx",,,,,,"GP,SS,NP,PF,AC","GP","GP,PF,AC"
91,0,0,"5B",,,,0,,,TRUE,,,"pop",1,"bx/ebx",,,,,,"GP,SS,NP,PF,AC","GP","GP,PF,AC"
92,0,0,"5C",,,,0,,,TRUE,,,"pop",1,"sp/esp",,,,,,"GP,SS,NP,PF,AC","GP","GP,PF,AC"
93,0,0,"5D",,,,0,,,TRUE,,,"pop",1,"bp/ebp",,,,,,"GP,SS,NP,PF,AC","GP","GP,PF,AC"
94,0,0,"5E",,,,0,,,TRUE,,,"pop",1,"si/esi",,,,,,"GP,SS,NP,PF,AC","GP","GP,PF,AC"
95,0,0,"5F",,,,0,,,TRUE,,,"pop",1,"di/edi",,,,,,"GP,SS,NP,PF,AC","GP","GP,PF,AC"
96,0,0,60,,,,0,,,TRUE,,,"pushaw/pushad",0,,,,,,,"SS,PF,AC","GP","GP,PF,AC"
97,0,0,61,,,,0,,,TRUE,,,"popaw/popad",0,,,,,,,"SS,PF,AC","SS","SS,PF,AC"
98,0,0,62,,,"/r",0,,,TRUE,,,"bound",2,"r 16/32","m 32/64",,,,,"BR,UD,GP,SS,PF,AC","BR,UD,GP,SS","BR,UD,GP,SS,PF,AC"
99,0,0,63,,,"/r",0,,,FALSE,,,"arpl",2,"r/m 16","r 16",,"ZF",,,"GP,SS,PF,AC","UD","UD"
104,0,0,68,,,,1,"imm 16/32",,TRUE,,,"push",1,"imm 16/32",,,,,,"GP,SS,PF,AC","GP,SS","GP,SS,PF,AC"
105,0,0,69,,,"/r",1,"imm 16/32",,TRUE,,,"imul",3,"r 16/32","r/m 16/32","imm 16/32","CF,OF",,,"GP,SS,PF,AC","GP,SS","GP,SS,PF,AC"
106,0,0,"6A",,,,1,"imm 8",,FALSE,,,"push",1,"imm 8",,,,,,"GP,SS,PF,AC","GP,SS","GP,SS,PF,AC"
107,0,0,"6B",,,"/r",1,"imm 8",,TRUE,,,"imul",3,"r 16/32","r/m 16/32","imm 8","CF,OF",,,"GP,SS,PF,AC","GP,SS","GP,SS,PF,AC"
108,0,0,"6C",,,,0,,,FALSE,,,"insb",0,,,,,,,"GP,PF,AC","GP,SS","GP,PF,AC"
109,0,0,"6D",,,,0,,,TRUE,,,"insw/insd",0,,,,,,,"GP,PF,AC","GP,SS","GP,PF,AC"
110,0,0,"6E",,,,0,,,FALSE,,,"outsb",0,,,,,,,"GP,PF,AC","GP,SS","GP,PF,AC"
111,0,0,"6F",,,,0,,,TRUE,,,"outsw/outsd",0,,,,,,,"GP,PF,AC","GP,SS","GP,PF,AC"
112,0,0,70,,,,1,"imm 8",,FALSE,,,"jo",1,"rel 8",,,,,,"GP","GP","GP"
113,0,0,71,,,,1,"imm 8",,FALSE,,,"jno",1,"rel 8",,,,,,"GP","GP","GP"
114,0,0,72,,,,1,"imm 8",,FALSE,,,"jc",1,"rel 8",,,,,,"GP","GP","GP"
115,0,0,73,,,,1,"imm 8",,FALSE,,,"jnc",1,"rel 8",,,,,,"GP","GP","GP"
116,0,0,74,,,,1,"imm 8",,FALSE,,,"jz",1,"rel 8",,,,,,"GP","GP","GP"
117,0,0,75,,,,1,"imm 8",,FALSE,,,"jnz",1,"rel 8",,,,,,"GP","GP","GP"
118,0,0,76,,,,1,"imm 8",,FALSE,,,"jna",1,"rel 8",,,,,,"GP","GP","GP"
119,0,0,77,,,,1,"imm 8",,FALSE,,,"ja",1,"rel 8",,,,,,"GP","GP","GP"
120,0,0,78,,,,1,"imm 8",,FALSE,,,"js",1,"rel 8",,,,,,"GP","GP","GP"
121,0,0,79,,,,1,"imm 8",,FALSE,,,"jns",1,"rel 8",,,,,,"GP","GP","GP"
122,0,0,"7A",,,,1,"imm 8",,FALSE,,,"jp",1,"rel 8",,,,,,"GP","GP","GP"
123,0,0,"7B",,,,1,"imm 8",,FALSE,,,"jnp",1,"rel 8",,,,,,"GP","GP","GP"
124,0,0,"7C",,,,1,"imm 8",,FALSE,,,"jl",1,"rel 8",,,,,,"GP","GP","GP"
125,0,0,"7D",,,,1,"imm 8",,FALSE,,,"jnl",1,"rel 8",,,,,,"GP","GP","GP"
126,0,0,"7E",,,,1,"imm 8",,FALSE,,,"jng",1,"rel 8",,,,,,"GP","GP","GP"
127,0,0,"7F",,,,1,"imm 8",,FALSE,,,"jg",1,"rel 8",,,,,,"GP","GP","GP"
128,0,0,80,,,"/0",1,"imm 8",,FALSE,,,"add",2,"r/m 8","imm 8",,"OF,SF,ZF,AF,CF,PF",,,"GP,SS,PF,AC","GP,SS","GP,SS,PF,AC"
128,0,0,80,,,"/1",1,"imm 8",,FALSE,,,"or",2,"r/m 8","imm 8",,"CF,OF,SF,ZF,PF",,,"GP,SS,PF,AC","GP,SS","GP,SS,PF,AC"
128,0,0,80,,,"/2",1,"imm 8",,FALSE,,,"adc",2,"r/m 8","imm 8",,"OF,SF,ZF,AF,CF,PF",,,"GP,SS,PF,AC","GP,SS","GP,SS,PF,AC"
128,0,0,80,,,"/3",1,"imm 8",,FALSE,,,"sbb",2,"r/m 8","imm 8",,"CF,OF,SF,ZF,AF,PF",,,"GP,SS,PF,AC","GP,SS","GP,SS,PF,AC"
128,0,0,80,,,"/4",1,"imm 8",,FALSE,,,"and",2,"r/m 8","imm 8",,"OF,SF,ZF,CF,PF",,,"GP,SS,PF,AC","GP,SS","GP,SS,PF,AC"
128,0,0,80,,,"/5",1,"imm 8",,FALSE,,,"sub",2,"r/m 8","imm 8",,"CF,OF,SF,ZF,AF,PF",,,"GP,SS,PF,AC","GP,SS","GP,SS,PF,AC"
128,0,0,80,,,"/6",1,"imm 8",,FALSE,,,"xor",2,"r/m 8","imm 8",,"CF,OF,SF,ZF,PF",,,"GP,SS,PF,AC","GP,SS","GP,SS,PF,AC"
128,0,0,80,,,"/7",1,"imm 8",,FALSE,,,"cmp",2,"r/m 8","imm 8",,"CF,OF,SF,ZF,AF,PF",,,"GP,SS,PF,AC","GP,SS","GP,SS,PF,AC"
129,0,0,81,,,"/0",1,"imm 16/32",,TRUE,,,"add",2,"r/m 16/32","imm 16/32",,"OF,SF,ZF,AF,CF,PF",,,"GP,SS,PF,AC","GP,SS","GP,SS,PF,AC"
129,0,0,81,,,"/1",1,"imm 16/32",,TRUE,,,"or",2,"r/m 16/32","imm 16/32",,"CF,OF,SF,ZF,PF",,,"GP,SS,PF,AC","GP,SS","GP,SS,PF,AC"
129,0,0,81,,,"/2",1,"imm 16/32",,TRUE,,,"adc",2,"r/m 16/32","imm 16/32",,"OF,SF,ZF,AF,CF,PF",,,"GP,SS,PF,AC","GP,SS","GP,SS,PF,AC"
129,0,0,81,,,"/3",1,"imm 16/32",,TRUE,,,"sbb",2,"r/m 16/32","imm 16/32",,"CF,OF,SF,ZF,AF,PF",,,"GP,SS,PF,AC","GP,SS","GP,SS,PF,AC"
129,0,0,81,,,"/4",1,"imm 16/32",,TRUE,,,"and",2,"r/m 16/32","imm 16/32",,"OF,SF,ZF,CF,PF",,,"GP,SS,PF,AC","GP,SS","GP,SS,PF,AC"
129,0,0,81,,,"/5",1,"imm 16/32",,TRUE,,,"sub",2,"r/m 16/32","imm 16/32",,"CF,OF,SF,ZF,AF,PF",,,"GP,SS,PF,AC","GP,SS","GP,SS,PF,AC"
129,0,0,81,,,"/6",1,"imm 16/32",,TRUE,,,"xor",2,"r/m 16/32","imm 16/32",,"CF,OF,SF,ZF,PF",,,"GP,SS,PF,AC","GP,SS","GP,SS,PF,AC"
129,0,0,81,,,"/7",1,"imm 16/32",,TRUE,,,"cmp",2,"r/m 16/32","imm 16/32",,"CF,OF,SF,ZF,AF,PF",,,"GP,SS,PF,AC","GP,SS","GP,SS,PF,AC"
130,0,0,82,,,"/0",1,"imm 8",,FALSE,,,"add",2,"r/m 8","imm 8",,"OF,SF,ZF,AF,CF,PF",,,"GP,SS,PF,AC","GP,SS","GP,SS,PF,AC"
130,0,0,82,,,"/1",1,"imm 8",,FALSE,,,"or",2,"r/m 8","imm 8",,"CF,OF,SF,ZF,PF",,,"GP,SS,PF,AC","GP,SS","GP,SS,PF,AC"
130,0,0,82,,,"/2",1,"imm 8",,FALSE,,,"adc",2,"r/m 8","imm 8",,"OF,SF,ZF,AF,CF,PF",,,"GP,SS,PF,AC","GP,SS","GP,SS,PF,AC"
130,0,0,82,,,"/3",1,"imm 8",,FALSE,,,"sbb",2,"r/m 8","imm 8",,"CF,OF,SF,ZF,AF,PF",,,"GP,SS,PF,AC","GP,SS","GP,SS,PF,AC"
130,0,0,82,,,"/4",1,"imm 8",,FALSE,,,"and",2,"r/m 8","imm 8",,"OF,SF,ZF,CF,PF",,,"GP,SS,PF,AC","GP,SS","GP,SS,PF,AC"
130,0,0,82,,,"/5",1,"imm 8",,FALSE,,,"sub",2,"r/m 8","imm 8",,"CF,OF,SF,ZF,AF,PF",,,"GP,SS,PF,AC","GP,SS","GP,SS,PF,AC"
130,0,0,82,,,"/6",1,"imm 8",,FALSE,,,"xor",2,"r/m 8","imm 8",,"CF,OF,SF,ZF,PF",,,"GP,SS,PF,AC","GP,SS","GP,SS,PF,AC"
130,0,0,82,,,"/7",1,"imm 8",,FALSE,,,"cmp",2,"r/m 8","imm 8",,"CF,OF,SF,ZF,AF,PF",,,"GP,SS,PF,AC","GP,SS","GP,SS,PF,AC"
131,0,0,83,,,"/0",1,"imm 8",,TRUE,,,"add",2,"r/m 16/32","imm 8",,"OF,SF,ZF,AF,CF,PF",,,"GP,SS,PF,AC","GP,SS","GP,SS,PF,AC"
131,0,0,83,,,"/1",1,"imm 8",,TRUE,,,"or",2,"r/m 16/32","imm 8",,"CF,OF,SF,ZF,PF",,,"GP,SS,PF,AC","GP,SS","GP,SS,PF,AC"
131,0,0,83,,,"/2",1,"imm 8",,TRUE,,,"adc",2,"r/m 16/32","imm 8",,"OF,SF,ZF,AF,CF,PF",,,"GP,SS,PF,AC","GP,SS","GP,SS,PF,AC"
131,0,0,83,,,"/3",1,"imm 8",,TRUE,,,"sbb",2,"r/m 16/32","imm 8",,"CF,OF,SF,ZF,AF,PF",,,"GP,SS,PF,AC","GP,SS","GP,SS,PF,AC"
131,0,0,83,,,"/4",1,"imm 8",,TRUE,,,"and",2,"r/m 16/32","imm 8",,"OF,SF,ZF,CF,PF",,,"GP,SS,PF,AC","GP,SS","GP,SS,PF,AC"
131,0,0,83,,,"/5",1,"imm 8",,TRUE,,,"sub",2,"r/m 16/32","imm 8",,"CF,OF,SF,ZF,AF,PF",,,"GP,SS,PF,AC","GP,SS","GP,SS,PF,AC"
131,0,0,83,,,"/6",1,"imm 8",,TRUE,,,"xor",2,"r/m 16/32","imm 8",,"CF,OF,SF,ZF,PF",,,"GP,SS,PF,AC","GP,SS","GP,SS,PF,AC"
131,0,0,83,,,"/7",1,"imm 8",,TRUE,,,"cmp",2,"r/m 16/32","imm 8",,"CF,OF,SF,ZF,AF,PF",,,"GP,SS,PF,AC","GP,SS","GP,SS,PF,AC"
132,0,0,84,,,"/r",0,,,FALSE,,,"test",2,"r/m 8","r 8",,"CF,OF,SF,ZF,PF",,,"GP,SS,PF,AC","GP,SS","GP,SS,PF,AC"
133,0,0,85,,,"/r",0,,,TRUE,,,"test",2,"r/m 16/32","r 16/32",,"CF,OF,SF,ZF,PF",,,"GP,SS,PF,AC","GP,SS","GP,SS,PF,AC"
134,0,0,86,,,"/r",0,,,FALSE,,,"xchg",2,"r/m 8","r 8",,,,,"GP,SS,PF,AC","GP,SS","GP,SS,PF,AC"
135,0,0,87,,,"/r",0,,,TRUE,,,"xchg",2,"r/m 16/32","r 16/32",,,,,"GP,SS,PF,AC","GP,SS","GP,SS,PF,AC"
136,0,0,88,,,"/r",0,,,FALSE,,,"mov",2,"r/m 8","r 8",,,,,"GP,SS,NP,PF,AC,UD","GP,SS,UD","GP,SS,PF,AC,UD"
137,0,0,89,,,"/r",0,,,TRUE,,,"mov",2,"r/m 16/32","r 16/32",,,,,"GP,SS,NP,PF,AC,UD","GP,SS,UD","GP,SS,PF,AC,UD"
138,0,0,"8A",,,"/r",0,,,FALSE,,,"mov",2,"r 8","r/m 8",,,,,"GP,SS,NP,PF,AC,UD","GP,SS,UD","GP,SS,PF,AC,UD"
139,0,0,"8B",,,"/r",0,,,TRUE,,,"mov",2,"r 16/32","r/m 16/32",,,,,"GP,SS,NP,PF,AC,UD","GP,SS,UD","GP,SS,PF,AC,UD"
140,0,0,"8C",,,"/r",0,,,FALSE,,,"mov",2,"r/m 16","r 16",,,,,"GP,SS,NP,PF,AC,UD","GP,SS,UD","GP,SS,PF,AC,UD"
141,0,0,"8D",,,"/r",0,,,TRUE,,,"lea",2,"r 16/32","m 16/32",,,,,"UD","UD","UD"
142,0,0,"8E",,,"/r",0,,,FALSE,,,"mov",2,"r 16","r/m 16",,,,,"GP,SS,NP,PF,AC,UD","GP,SS,UD","GP,SS,PF,AC,UD"
143,0,0,"8F",,,"/0",0,,,TRUE,,,"pop",1,"m 16/32",,,,,,"GP,SS,NP,PF,AC","GP","GP,PF,AC"
144,0,0,90,,,,0,,,FALSE,,,"nop",0,,,,,,,,,
145,0,0,91,,,,0,,,TRUE,,,"xchg",2,"ax/eax","cx/ecx",,,,,"GP,SS,PF,AC","GP,SS","GP,SS,PF,AC"
146,0,0,92,,,,0,,,TRUE,,,"xchg",2,"ax/eax","dx/edx",,,,,"GP,SS,PF,AC","GP,SS","GP,SS,PF,AC"
147,0,0,93,,,,0,,,TRUE,,,"xchg",2,"ax/eax","bx/ebx",,,,,"GP,SS,PF,AC","GP,SS","GP,SS,PF,AC"
148,0,0,94,,,,0,,,TRUE,,,"xchg",2,"ax/eax","sp/esp",,,,,"GP,SS,PF,AC","GP,SS","GP,SS,PF,AC"
149,0,0,95,,,,0,,,TRUE,,,"xchg",2,"ax/eax","bp/ebp",,,,,"GP,SS,PF,AC","GP,SS","GP,SS,PF,AC"
150,0,0,96,,,,0,,,TRUE,,,"xchg",2,"ax/eax","si/esi",,,,,"GP,SS,PF,AC","GP,SS","GP,SS,PF,AC"
151,0,0,97,,,,0,,,TRUE,,,"xchg",2,"ax/eax","di/edi",,,,,"GP,SS,PF,AC","GP,SS","GP,SS,PF,AC"
152,0,0,98,,,,0,,,TRUE,,,"cbw/cwde",0,,,,,,,,,
153,0,0,99,,,,0,,,TRUE,,,"cwd/cdq",0,,,,,,,,,
154,0,0,"9A",,,,1,"imm 32/48",,TRUE,,,"call",1,"imm 32/48",,,,,,"GP,SS,NP,TS,PF,AC","GP","GP,PF,AC"
155,0,0,"9B",,,,0,,,FALSE,,,"wait/fwait",0,,,,,,,"NM","NM","NM"
156,0,0,"9C",,,,0,,,TRUE,,,"pushfw/pushfd",0,,,,,,,"SS,PF,AC",,"GP,PF,AC"
157,0,0,"9D",,,,0,,,TRUE,,,"popfw/popfd",0,,,,,,,"SS,PF,AC","SS","GP,SS,PF,AC"
158,0,0,"9E",,,,0,,,FALSE,,,"sahf",0,,,,,,,,,
159,0,0,"9F",,,,0,,,FALSE,,,"lahf",0,,,,,,,,,
160,0,0,"A0",,,,1,"imm 16/32",,TRUE,,,"mov",2,"al","moffb 16/32",,,,,"GP,SS,NP,PF,AC,UD","GP,SS,UD","GP,SS,PF,AC,UD"
161,0,0,"A1",,,,1,"imm 16/32",,TRUE,,,"mov",2,"ax/eax","moffw 16/32",,,,,"GP,SS,NP,PF,AC,UD","GP,SS,UD","GP,SS,PF,AC,UD"
162,0,0,"A2",,,,1,"imm 16/32",,TRUE,,,"mov",2,"moffb 16/32","al",,,,,"GP,SS,NP,PF,AC,UD","GP,SS,UD","GP,SS,PF,AC,UD"
163,0,0,"A3",,,,1,"imm 16/32",,TRUE,,,"mov",2,"moffw 16/32","ax/eax",,,,,"GP,SS,NP,PF,AC,UD","GP,SS,UD","GP,SS,PF,AC,UD"
164,0,0,"A4",,,,0,,,FALSE,,,"movsb",0,,,,,,,"GP,SS,PF,AC","GP,SS","GP,SS,PF,AC"
165,0,0,"A5",,,,0,,,TRUE,,,"movsw/movsd",0,,,,,,,"GP,SS,PF,AC","GP,SS","GP,SS,PF,AC"
166,0,0,"A6",,,,0,,,FALSE,,,"cmpsb",2,"m 8","m 8",,"CF,OF,SF,ZF,AF,PF",,,"GP,SS,PF,AC","GP,SS","GP,SS,PF,AC"
167,0,0,"A7",,,,0,,,TRUE,,,"cmps",2,"m 16/32","m 16/32",,"CF,OF,SF,ZF,AF,PF",,,"GP,SS,PF,AC","GP,SS","GP,SS,PF,AC"
168,0,0,"A8",,,,1,"imm 8",,FALSE,,,"test",2,"al","imm 8",,"CF,OF,SF,ZF,PF",,,"GP,SS,PF,AC","GP,SS","GP,SS,PF,AC"
169,0,0,"A9",,,,1,"imm 16/32",,TRUE,,,"test",2,"ax/eax","imm 16/32",,"CF,OF,SF,ZF,PF",,,"GP,SS,PF,AC","GP,SS","GP,SS,PF,AC"
170,0,0,"AA",,,,0,,,FALSE,,,"stosb",0,,,,,,,"GP,PF,AC","GP","GP,PF,AC"
171,0,0,"AB",,,,0,,,TRUE,,,"stosw/stosd",0,,,,,,,,,
172,0,0,"AC",,,,0,,,FALSE,,,"lodsb",0,,,,,,,"GP,SS,PF,AC","GP,SS","GP,SS,PF,AC"
173,0,0,"AD",,,,0,,,TRUE,,,"lodsw/lodsd",0,,,,,,,"GP,SS,PF,AC","GP,SS","GP,SS,PF,AC"
174,0,0,"AE",,,,0,,,FALSE,,,"scasb",0,,,,"CF,OF,SF,ZF,AF,PF",,,"GP,PF,AC","GP,SS","GP,PF,AC"
175,0,0,"AF",,,,0,,,TRUE,,,"scasw/scasd",0,,,,"CF,OF,SF,ZF,AF,PF",,,"GP,PF,AC","GP,SS","GP,PF,AC"
176,0,0,"B0",,,,1,"imm 8",,FALSE,,,"mov",2,"al","imm 8",,,,,"GP,SS,NP,PF,AC,UD","GP,SS,UD","GP,SS,PF,AC,UD"
177,0,0,"B1",,,,1,"imm 8",,FALSE,,,"mov",2,"cl","imm 8",,,,,"GP,SS,NP,PF,AC,UD","GP,SS,UD","GP,SS,PF,AC,UD"
178,0,0,"B2",,,,1,"imm 8",,FALSE,,,"mov",2,"dl","imm 8",,,,,"GP,SS,NP,PF,AC,UD","GP,SS,UD","GP,SS,PF,AC,UD"
179,0,0,"B3",,,,1,"imm 8",,FALSE,,,"mov",2,"bl","imm 8",,,,,"GP,SS,NP,PF,AC,UD","GP,SS,UD","GP,SS,PF,AC,UD"
180,0,0,"B4",,,,1,"imm 8",,FALSE,,,"mov",2,"ah","imm 8",,,,,"GP,SS,NP,PF,AC,UD","GP,SS,UD","GP,SS,PF,AC,UD"
181,0,0,"B5",,,,1,"imm 8",,FALSE,,,"mov",2,"ch","imm 8",,,,,"GP,SS,NP,PF,AC,UD","GP,SS,UD","GP,SS,PF,AC,UD"
182,0,0,"B6",,,,1,"imm 8",,FALSE,,,"mov",2,"dh","imm 8",,,,,"GP,SS,NP,PF,AC,UD","GP,SS,UD","GP,SS,PF,AC,UD"
183,0,0,"B7",,,,1,"imm 8",,FALSE,,,"mov",2,"bh","imm 8",,,,,"GP,SS,NP,PF,AC,UD","GP,SS,UD","GP,SS,PF,AC,UD"
184,0,0,"B8",,,,1,"imm 16/32",,TRUE,,,"mov",2,"ax/eax","imm 16/32",,,,,"GP,SS,NP,PF,AC,UD","GP,SS,UD","GP,SS,PF,AC,UD"
185,0,0,"B9",,,,1,"imm 16/32",,TRUE,,,"mov",2,"cx/ecx","imm 16/32",,,,,"GP,SS,NP,PF,AC,UD","GP,SS,UD","GP,SS,PF,AC,UD"
186,0,0,"BA",,,,1,"imm 16/32",,TRUE,,,"mov",2,"dx/edx","imm 16/32",,,,,"GP,SS,NP,PF,AC,UD","GP,SS,UD","GP,SS,PF,AC,UD"
187,0,0,"BB",,,,1,"imm 16/32",,TRUE,,,"mov",2,"bx/ebx","imm 16/32",,,,,"GP,SS,NP,PF,AC,UD","GP,SS,UD","GP,SS,PF,AC,UD"
188,0,0,"BC",,,,1,"imm 16/32",,TRUE,,,"mov",2,"sp/esp","imm 16/32",,,,,"GP,SS,NP,PF,AC,UD","GP,SS,UD","GP,SS,PF,AC,UD"
189,0,0,"BD",,,,1,"imm 16/32",,TRUE,,,"mov",2,"bp/ebp","imm 16/32",,,,,"GP,SS,NP,PF,AC,UD","GP,SS,UD","GP,SS,PF,AC,UD"
190,0,0,"BE",,,,1,"imm 16/32",,TRUE,,,"mov",2,"si/esi","imm 16/32",,,,,"GP,SS,NP,PF,AC,UD","GP,SS,UD","GP,SS,PF,AC,UD"
191,0,0,"BF",,,,1,"imm 16/32",,TRUE,,,"mov",2,"di/edi","imm 16/32",,,,,"GP,SS,NP,PF,AC,UD","GP,SS,UD","GP,SS,PF,AC,UD"
192,0,0,"C0",,,"/0",1,"imm 8",,FALSE,,,"rol",2,"r/m 8","imm 8",,"CF,OF",,,"GP,SS,PF,AC","GP,SS","GP,SS,PF,AC"
192,0,0,"C0",,,"/1",1,"imm 8",,FALSE,,,"ror",2,"r/m 8","imm 8",,"CF,OF",,,"GP,SS,PF,AC","GP,SS","GP,SS,PF,AC"
192,0,0,"C0",,,"/2",1,"imm 8",,FALSE,,,"rcl",2,"r/m 8","imm 8",,"CF,OF",,,"GP,SS,PF,AC","GP,SS","GP,SS,PF,AC"
192,0,0,"C0",,,"/3",1,"imm 8",,FALSE,,,"rcr",2,"r/m 8","imm 8",,"CF,OF",,,"GP,SS,PF,AC","GP,SS","GP,SS,PF,AC"
192,0,0,"C0",,,"/4",1,"imm 8",,FALSE,,,"shl",2,"r/m 8","imm 8",,"CF,OF,SF,ZF,PF",,,"GP,SS,PF,AC","GP,SS","GP,SS,PF,AC"
192,0,0,"C0",,,"/5",1,"imm 8",,FALSE,,,"shr",2,"r/m 8","imm 8",,"CF,OF,SF,ZF,PF",,,"GP,SS,PF,AC","GP,SS","GP,SS,PF,AC"
192,0,0,"C0",,,"/6",1,"imm 8",,FALSE,,,"shl",2,"r/m 8","imm 8",,"CF,OF,SF,ZF,PF",,,"GP,SS,PF,AC","GP,SS","GP,SS,PF,AC"
192,0,0,"C0",,,"/7",1,"imm 8",,FALSE,,,"sar",2,"r/m 8","imm 8",,"CF,OF,SF,ZF,PF",,,"GP,SS,PF,AC","GP,SS","GP,SS,PF,AC"
193,0,0,"C1",,,"/0",1,"imm 8",,TRUE,,,"rol",2,"r/m 16/32","imm 8",,"CF,OF",,,"GP,SS,PF,AC","GP,SS","GP,SS,PF,AC"
193,0,0,"C1",,,"/1",1,"imm 8",,TRUE,,,"ror",2,"r/m 16/32","imm 8",,"CF,OF",,,"GP,SS,PF,AC","GP,SS","GP,SS,PF,AC"
193,0,0,"C1",,,"/2",1,"imm 8",,TRUE,,,"rcl",2,"r/m 16/32","imm 8",,"CF,OF",,,"GP,SS,PF,AC","GP,SS","GP,SS,PF,AC"
193,0,0,"C1",,,"/3",1,"imm 8",,TRUE,,,"rcr",2,"r/m 16/32","imm 8",,"CF,OF",,,"GP,SS,PF,AC","GP,SS","GP,SS,PF,AC"
193,0,0,"C1",,,"/4",1,"imm 8",,TRUE,,,"shl",2,"r/m 16/32","imm 8",,"CF,OF,SF,ZF,PF",,,"GP,SS,PF,AC","GP,SS","GP,SS,PF,AC"
193,0,0,"C1",,,"/5",1,"imm 8",,TRUE,,,"shr",2,"r/m 16/32","imm 8",,"CF,OF,SF,ZF,PF",,,"GP,SS,PF,AC","GP,SS","GP,SS,PF,AC"
193,0,0,"C1",,,"/6",1,"imm 8",,TRUE,,,"shl",2,"r/m 16/32","imm 8",,"CF,OF,SF,ZF,PF",,,"GP,SS,PF,AC","GP,SS","GP,SS,PF,AC"
193,0,0,"C1",,,"/7",1,"imm 8",,TRUE,,,"sar",2,"r/m 16/32","imm 8",,"CF,OF,SF,ZF,PF",,,"GP,SS,PF,AC","GP,SS","GP,SS,PF,AC"
194,0,0,"C2",,,,1,"imm 16",,FALSE,,,"ret",1,"imm 16",,,,,,"GP,SS,NP,PF,AC","GP,SS","GP,SS,PF,AC"
195,0,0,"C3",,,,0,,,FALSE,,,"ret",0,,,,,,,"GP,SS,NP,PF,AC","GP,SS","GP,SS,PF,AC"
196,0,0,"C4",,,"/r",0,,,TRUE,,,"les",2,"r 16/32","m 32/48",,,,,"GP,SS,NP,PF,AC,UD","GP,SS,UD","GP,SS,PF,AC,UD"
197,0,0,"C5",,,"/r",0,,,TRUE,,,"lds",2,"r 16/32","m 32/48",,,,,"GP,SS,NP,PF,AC,UD","GP,SS,UD","GP,SS,PF,AC,UD"
198,0,0,"C6",,,"/0",1,"imm 8",,FALSE,,,"mov",2,"r/m 8","imm 8",,,,,"GP,SS,NP,PF,AC,UD","GP,SS,UD","GP,SS,PF,AC,UD"
199,0,0,"C7",,,"/0",1,"imm 16/32",,TRUE,,,"mov",2,"r/m 16/32","imm 16/32",,,,,"GP,SS,NP,PF,AC,UD","GP,SS,UD","GP,SS,PF,AC,UD"
200,0,0,"C8",,,,2,"imm 16","imm 8",FALSE,,,"enter",2,"imm 16","imm 8",,,,,"SS,PF","SS","SS,PF"
201,0,0,"C9",,,,0,,,FALSE,,,"leave",0,,,,,,,"SS,PF,AC","GP","GP,PF,AC"
202,0,0,"CA",,,,1,"imm 16",,FALSE,,,"ret",1,"imm 16",,,,,,"GP,SS,NP,PF,AC","GP,SS","GP,SS,PF,AC"
203,0,0,"CB",,,,0,,,FALSE,,,"ret",0,,,,,,,"GP,SS,NP,PF,AC","GP,SS","GP,SS,PF,AC"
204,0,0,"CC",,,,0,,,FALSE,,,"int3",0,,,,,,,"GP,SS,NP,TS,PF","GP,SS","GP,SS,NP,TS,PF,BP,OF"
205,0,0,"CD",,,,1,"imm 8",,FALSE,,,"int",1,"imm 8",,,,,,"GP,SS,NP,TS,PF","GP,SS","GP,SS,NP,TS,PF,BP,OF"
206,0,0,"CE",,,,0,,,FALSE,,,"into",0,,,,,,,"GP,SS,NP,TS,PF","GP,SS","GP,SS,NP,TS,PF,BP,OF"
207,0,0,"CF",,,,0,,,TRUE,,,"iretw/iretd",0,,,,,,,"GP,SS,NP,PF,AC","GP,SS","GP,SS,PF,AC"
208,0,0,"D0",,,"/0",0,,,FALSE,,,"rol",2,"r/m 8","1",,"CF,OF",,,"GP,SS,PF,AC","GP,SS","GP,SS,PF,AC"
208,0,0,"D0",,,"/1",0,,,FALSE,,,"ror",2,"r/m 8","1",,"CF,OF",,,"GP,SS,PF,AC","GP,SS","GP,SS,PF,AC"
208,0,0,"D0",,,"/2",0,,,FALSE,,,"rcl",2,"r/m 8","1",,"CF,OF",,,"GP,SS,PF,AC","GP,SS","GP,SS,PF,AC"
208,0,0,"D0",,,"/3",0,,,FALSE,,,"rcr",2,"r/m 8","1",,"CF,OF",,,"GP,SS,PF,AC","GP,SS","GP,SS,PF,AC"
208,0,0,"D0",,,"/4",0,,,FALSE,,,"shl",2,"r/m 8","1",,"CF,OF,SF,ZF,PF",,,"GP,SS,PF,AC","GP,SS","GP,SS,PF,AC"
208,0,0,"D0",,,"/5",0,,,FALSE,,,"shr",2,"r/m 8","1",,"CF,OF,SF,ZF,PF",,,"GP,SS,PF,AC","GP,SS","GP,SS,PF,AC"
208,0,0,"D0",,,"/6",0,,,FALSE,,,"shl",2,"r/m 8","1",,"CF,OF,SF,ZF,PF",,,"GP,SS,PF,AC","GP,SS","GP,SS,PF,AC"
208,0,0,"D0",,,"/7",0,,,FALSE,,,"sar",2,"r/m 8","1",,"CF,OF,SF,ZF,PF",,,"GP,SS,PF,AC","GP,SS","GP,SS,PF,AC"
209,0,0,"D1",,,"/0",0,,,TRUE,,,"rol",2,"r/m 16/32","1",,"CF,OF",,,"GP,SS,PF,AC","GP,SS","GP,SS,PF,AC"
209,0,0,"D1",,,"/1",0,,,TRUE,,,"ror",2,"r/m 16/32","1",,"CF,OF",,,"GP,SS,PF,AC","GP,SS","GP,SS,PF,AC"
209,0,0,"D1",,,"/2",0,,,TRUE,,,"rcl",2,"r/m 16/32","1",,"CF,OF",,,"GP,SS,PF,AC","GP,SS","GP,SS,PF,AC"
209,0,0,"D1",,,"/3",0,,,TRUE,,,"rcr",2,"r/m 16/32","1",,"CF,OF",,,"GP,SS,PF,AC","GP,SS","GP,SS,PF,AC"
209,0,0,"D1",,,"/4",0,,,TRUE,,,"shl",2,"r/m 16/32","1",,"CF,OF,SF,ZF,PF",,,"GP,SS,PF,AC","GP,SS","GP,SS,PF,AC"
209,0,0,"D1",,,"/5",0,,,TRUE,,,"shr",2,"r/m 16/32","1",,"CF,OF,SF,ZF,PF",,,"GP,SS,PF,AC","GP,SS","GP,SS,PF,AC"
209,0,0,"D1",,,"/6",0,,,TRUE,,,"shl",2,"r/m 16/32","1",,"CF,OF,SF,ZF,PF",,,"GP,SS,PF,AC","GP,SS","GP,SS,PF,AC"
209,0,0,"D1",,,"/7",0,,,TRUE,,,"sar",2,"r/m 16/32","1",,"CF,OF,SF,ZF,PF",,,"GP,SS,PF,AC","GP,SS","GP,SS,PF,AC"
210,0,0,"D2",,,"/0",0,,,FALSE,,,"rol",2,"r/m 8","cl",,"CF,OF",,,"GP,SS,PF,AC","GP,SS","GP,SS,PF,AC"
210,0,0,"D2",,,"/1",0,,,FALSE,,,"ror",2,"r/m 8","cl",,"CF,OF",,,"GP,SS,PF,AC","GP,SS","GP,SS,PF,AC"
210,0,0,"D2",,,"/2",0,,,FALSE,,,"rcl",2,"r/m 8","cl",,"CF,OF",,,"GP,SS,PF,AC","GP,SS","GP,SS,PF,AC"
210,0,0,"D2",,,"/3",0,,,FALSE,,,"rcr",2,"r/m 8","cl",,"CF,OF",,,"GP,SS,PF,AC","GP,SS","GP,SS,PF,AC"
210,0,0,"D2",,,"/4",0,,,FALSE,,,"shl",2,"r/m 8","cl",,"CF,OF,SF,ZF,PF",,,"GP,SS,PF,AC","GP,SS","GP,SS,PF,AC"
210,0,0,"D2",,,"/5",0,,,FALSE,,,"shr",2,"r/m 8","cl",,"CF,OF,SF,ZF,PF",,,"GP,SS,PF,AC","GP,SS","GP,SS,PF,AC"
210,0,0,"D2",,,"/6",0,,,FALSE,,,"shl",2,"r/m 8","cl",,"CF,OF,SF,ZF,PF",,,"GP,SS,PF,AC","GP,SS","GP,SS,PF,AC"
210,0,0,"D2",,,"/7",0,,,FALSE,,,"sar",2,"r/m 8","cl",,"CF,OF,SF,ZF,PF",,,"GP,SS,PF,AC","GP,SS","GP,SS,PF,AC"
211,0,0,"D3",,,"/0",0,,,TRUE,,,"rol",2,"r/m 16/32","cl",,"CF,OF",,,"GP,SS,PF,AC","GP,SS","GP,SS,PF,AC"
211,0,0,"D3",,,"/1",0,,,TRUE,,,"ror",2,"r/m 16/32","cl",,"CF,OF",,,"GP,SS,PF,AC","GP,SS","GP,SS,PF,AC"
211,0,0,"D3",,,"/2",0,,,TRUE,,,"rcl",2,"r/m 16/32","cl",,"CF,OF",,,"GP,SS,PF,AC","GP,SS","GP,SS,PF,AC"
211,0,0,"D3",,,"/3",0,,,TRUE,,,"rcr",2,"r/m 16/32","cl",,"CF,OF",,,"GP,SS,PF,AC","GP,SS","GP,SS,PF,AC"
211,0,0,"D3",,,"/4",0,,,TRUE,,,"shl",2,"r/m 16/32","cl",,"CF,OF,SF,ZF,PF",,,"GP,SS,PF,AC","GP,SS","GP,SS,PF,AC"
211,0,0,"D3",,,"/5",0,,,TRUE,,,"shr",2,"r/m 16/32","cl",,"CF,OF,SF,ZF,PF",,,"GP,SS,PF,AC","GP,SS","GP,SS,PF,AC"
211,0,0,"D3",,,"/6",0,,,TRUE,,,"shl",2,"r/m 16/32","cl",,"CF,OF,SF,ZF,PF",,,"GP,SS,PF,AC","GP,SS","GP,SS,PF,AC"
211,0,0,"D3",,,"/7",0,,,TRUE,,,"sar",2,"r/m 16/32","cl",,"CF,OF,SF,ZF,PF",,,"GP,SS,PF,AC","GP,SS","GP,SS,PF,AC"
212,0,0,"D4",,,,1,"imm 8",,FALSE,,,"aam",0,,,,"SF,ZF,PF",,,"DE","DE","DE"
213,0,0,"D5",,,,1,"imm 8",,FALSE,,,"aad",0,,,,"SF,ZF,PF",,,,,
214,0,0,"D6",,,,0,,,FALSE,,,"setalc",0,,,,,,,,,
215,0,0,"D7",,,,0,,,FALSE,,,"xlatb",0,,,,,,,"GP,SS,PF","GP,SS","GP,SS,PF"
224,0,0,"E0",,,,1,"imm 8",,FALSE,,,"loopnz",1,"imm 8",,,,,,"GP","GP","GP"
225,0,0,"E1",,,,1,"imm 8",,FALSE,,,"loopz",1,"imm 8",,,,,,"GP","GP","GP"
226,0,0,"E2",,,,1,"imm 8",,FALSE,,,"loop",1,"imm 8",,,,,,"GP","GP","GP"
227,0,0,"E3",,,,1,"imm 8",,FALSE,,,"jcxz",1,"rel 8",,,,,,"GP","GP","GP"
228,0,0,"E4",,,,1,"imm 8",,FALSE,,,"in",2,"al","imm 8",,,,,"GP",,"GP"
229,0,0,"E5",,,,1,"imm 8",,TRUE,,,"in",2,"ax/eax","imm 8",,,,,"GP",,"GP"
230,0,0,"E6",,,,1,"imm 8",,FALSE,,,"out",2,"imm 8","al",,,,,"GP",,"GP"
231,0,0,"E7",,,,1,"imm 8",,TRUE,,,"out",2,"imm 8","ax/eax",,,,,"GP",,"GP"
232,0,0,"E8",,,,1,"imm 16/32",,TRUE,,,"call",1,"imm 16/32",,,,,,"GP,SS,NP,TS,PF,AC","GP","GP,PF,AC"
233,0,0,"E9",,,,1,"imm 16/32",,TRUE,,,"jmp",1,"rel 16/32",,,,,,"GP,SS,NP,PF,AC","GP,SS","GP,SS,PF,AC"
234,0,0,"EA",,,,1,"imm 32/48",,TRUE,,,"jmp",1,"far 32/48",,,,,,"GP,SS,NP,PF,AC","GP,SS","GP,SS,PF,AC"
235,0,0,"EB",,,,1,"imm 8",,FALSE,,,"jmp",1,"rel 8",,,,,,"GP,SS,NP,PF,AC","GP,SS","GP,SS,PF,AC"
236,0,0,"EC",,,,0,,,FALSE,,,"in",2,"al","dx",,,,,"GP",,"GP"
237,0,0,"ED",,,,0,,,TRUE,,,"in",2,"ax/eax","dx",,,,,"GP",,"GP"
238,0,0,"EE",,,,0,,,FALSE,,,"out",2,"dx","al",,,,,"GP",,"GP"
239,0,0,"EF",,,,0,,,TRUE,,,"out",2,"dx","ax/eax",,,,,"GP",,"GP"
241,0,0,"F1",,,,0,,,TRUE,,,"icebp",0,,,,,,,,,
244,0,0,"F4",,,,0,,,FALSE,,,"hlt",0,,,,,,,"GP",,"GP"
245,0,0,"F5",,,,0,,,FALSE,,,"cmc",0,,,,"CF",,,,,
246,0,0,"F6",,,"/0",1,"imm 8",,FALSE,,,"test",2,"r/m 8","imm 8",,"CF,OF,SF,ZF,PF",,,"GP,SS,PF,AC","GP,SS","GP,SS,PF,AC"
246,0,0,"F6",,,"/1",1,"imm 8",,FALSE,,,"test",2,"r/m 8","imm 8",,"CF,OF,SF,ZF,PF",,,"GP,SS,PF,AC","GP,SS","GP,SS,PF,AC"
246,0,0,"F6",,,"/2",0,,,FALSE,,,"not",1,"r/m 8",,,,,,"GP,SS,PF,AC","GP,SS","GP,SS,PF,AC"
246,0,0,"F6",,,"/3",0,,,FALSE,,,"neg",1,"r/m 8",,,"CF,OF,SF,ZF,AF,PF",,,"GP,SS,PF,AC","GP,SS","GP,SS,PF,AC"
246,0,0,"F6",,,"/4",0,,,FALSE,,,"mul",1,"r/m 8",,,"CF,OF",,,"GP,SS,PF,AC","GP,SS","GP,SS,PF,AC"
246,0,0,"F6",,,"/5",0,,,FALSE,,,"imul",1,"r/m 8",,,"CF,OF",,,"GP,SS,PF,AC","GP,SS","GP,SS,PF,AC"
246,0,0,"F6",,,"/6",0,,,FALSE,,,"div",1,"r/m 8",,,,,,"DE,GP,SS,PF,AC","DE,GP,SS","DE,GP,SS,PF,AC"
246,0,0,"F6",,,"/7",0,,,FALSE,,,"idiv",1,"r/m 8",,,,,,"DE,GP,SS,PF,AC","DE,GP,SS","DE,GP,SS,PF,AC"
247,0,0,"F7",,,"/0",1,"imm 16/32",,TRUE,,,"test",2,"r/m 16/32","imm 16/32",,"CF,OF,SF,ZF,PF",,,"GP,SS,PF,AC","GP,SS","GP,SS,PF,AC"
247,0,0,"F7",,,"/1",1,"imm 16/32",,TRUE,,,"test",2,"r/m 16/32","imm 16/32",,"CF,OF,SF,ZF,PF",,,"GP,SS,PF,AC","GP,SS","GP,SS,PF,AC"
247,0,0,"F7",,,"/2",0,,,TRUE,,,"not",1,"r/m 16/32",,,,,,"GP,SS,PF,AC","GP,SS","GP,SS,PF,AC"
247,0,0,"F7",,,"/3",0,,,TRUE,,,"neg",1,"r/m 16/32",,,"CF,OF,SF,ZF,AF,PF",,,"GP,SS,PF,AC","GP,SS","GP,SS,PF,AC"
247,0,0,"F7",,,"/4",0,,,TRUE,,,"mul",1,"r/m 16/32",,,"CF,OF",,,"GP,SS,PF,AC","GP,SS","GP,SS,PF,AC"
247,0,0,"F7",,,"/5",0,,,TRUE,,,"imul",1,"r/m 16/32",,,"CF,OF",,,"GP,SS,PF,AC","GP,SS","GP,SS,PF,AC"
247,0,0,"F7",,,"/6",0,,,TRUE,,,"div",1,"r/m 16/32",,,,,,"DE,GP,SS,PF,AC","DE,GP,SS","DE,GP,SS,PF,AC"
247,0,0,"F7",,,"/7",0,,,TRUE,,,"idiv",1,"r/m 16/32",,,,,,"DE,GP,SS,PF,AC","DE,GP,SS","DE,GP,SS,PF,AC"
248,0,0,"F8",,,,0,,,FALSE,,,"clc",0,,,,"CF",,,,,
249,0,0,"F9",,,,0,,,FALSE,,,"stc",0,,,,"CF",,,,,
250,0,0,"FA",,,,0,,,FALSE,,,"cli",0,,,,"IF,VIF",,,"GP",,"GP"
251,0,0,"FB",,,,0,,,FALSE,,,"sti",0,,,,"IF,VIF",,,"GP",,"GP"
252,0,0,"FC",,,,0,,,FALSE,,,"cld",0,,,,"DF",,,,,
253,0,0,"FD",,,,0,,,FALSE,,,"std",0,,,,"DF",,,,,
254,0,0,"FE",,,"/0",0,,,FALSE,,,"inc",1,"r/m 8",,,"OF,SF,ZF,AF,PF",,,"GP,SS,PF,AC","GP,SS","GP,SS,PF,AC"
254,0,0,"FE",,,"/1",0,,,FALSE,,,"dec",1,"r/m 8",,,"OF,SF,ZF,AF,PF",,,"GP,SS,PF,AC","GP,SS","GP,SS,PF,AC"
255,0,0,"FF",,,"/0",0,,,TRUE,,,"inc",1,"r/m 16/32",,,"OF,SF,ZF,AF,PF",,,"GP,SS,PF,AC","GP,SS","GP,SS,PF,AC"
255,0,0,"FF",,,"/1",0,,,TRUE,,,"dec",1,"r/m 16/32",,,"OF,SF,ZF,AF,PF",,,"GP,SS,PF,AC","GP,SS","GP,SS,PF,AC"
255,0,0,"FF",,,"/2",0,,,TRUE,,,"call",1,"r/m 16/32",,,,,,"GP,SS,NP,TS,PF,AC","GP","GP,PF,AC"
255,0,0,"FF",,,"/3",0,,,TRUE,,,"call",1,"m 32/48",,,,,,"GP,SS,NP,TS,PF,AC","GP","GP,PF,AC"
255,0,0,"FF",,,"/4",0,,,TRUE,,,"jmp",1,"r/m 16/32",,,,,,"GP,SS,NP,PF,AC","GP,SS","GP,SS,PF,AC"
255,0,0,"FF",,,"/5",0,,,TRUE,,,"jmp",1,"m 32/48",,,,,,"GP,SS,NP,PF,AC","GP,SS","GP,SS,PF,AC"
255,0,0,"FF",,,"/6",0,,,TRUE,,,"push",1,"r/m 16/32",,,,,,"GP,SS,PF,AC","GP,SS","GP,SS,PF,AC"
