"dec1","dec2","dec3","hex1","hex2","hex3","hex4","modrm","#operands","operand1","operand2","66H ?","REP ?","REPE ?","mnemonic","#asm_operands","asm operand1","asm operand2","asm operand3","eflags","fpu flags","exception fpu","exception p","exception r","exception v"
0,15,16,,"0F",10,,"/r",0,,,FALSE,,,"movups",2,"xmm","xmm/m128",,,,,,,
102,15,16,66,"0F",10,,"/r",0,,,FALSE,,,"movupd",2,"xmm","xmm/m128",,,,,,,
242,15,16,"F2","0F",10,,"/r",0,,,FALSE,,,"movsd",2,"xmm","xmm/m64",,,,,,,
243,15,16,"F3","0F",10,,"/r",0,,,FALSE,,,"movss",2,"xmm","xmm/m32",,,,,,,
0,15,17,,"0F",11,,"/r",0,,,FALSE,,,"movups",2,"xmm/m128","xmm",,,,,,,
102,15,17,66,"0F",11,,"/r",0,,,FALSE,,,"movupd",2,"xmm/m128","xmm",,,,,,,
242,15,17,"F2","0F",11,,"/r",0,,,FALSE,,,"movsd",2,"xmm/m64","xmm",,,,,,,
243,15,17,"F3","0F",11,,"/r",0,,,FALSE,,,"movss",2,"xmm/m32","xmm",,,,,,,
0,15,18,,"0F",12,,"/r",0,,,FALSE,,,"movlps",2,"xmm","m64",,,,,,,
0,15,18,,"0F",12,"C0",,0,,,FALSE,,,"movhlps",2,"xmm0","xmm0",,,,,,,
0,15,18,,"0F",12,"C1",,0,,,FALSE,,,"movhlps",2,"xmm0","xmm1",,,,,,,
0,15,18,,"0F",12,"C2",,0,,,FALSE,,,"movhlps",2,"xmm0","xmm2",,,,,,,
0,15,18,,"0F",12,"C3",,0,,,FALSE,,,"movhlps",2,"xmm0","xmm3",,,,,,,
0,15,18,,"0F",12,"C4",,0,,,FALSE,,,"movhlps",2,"xmm0","xmm4",,,,,,,
0,15,18,,"0F",12,"C5",,0,,,FALSE,,,"movhlps",2,"xmm0","xmm5",,,,,,,
0,15,18,,"0F",12,"C6",,0,,,FALSE,,,"movhlps",2,"xmm0","xmm6",,,,,,,
0,15,18,,"0F",12,"C7",,0,,,FALSE,,,"movhlps",2,"xmm0","xmm7",,,,,,,
0,15,18,,"0F",12,"C8",,0,,,FALSE,,,"movhlps",2,"xmm1","xmm0",,,,,,,
0,15,18,,"0F",12,"C9",,0,,,FALSE,,,"movhlps",2,"xmm1","xmm1",,,,,,,
0,15,18,,"0F",12,"CA",,0,,,FALSE,,,"movhlps",2,"xmm1","xmm2",,,,,,,
0,15,18,,"0F",12,"CB",,0,,,FALSE,,,"movhlps",2,"xmm1","xmm3",,,,,,,
0,15,18,,"0F",12,"CC",,0,,,FALSE,,,"movhlps",2,"xmm1","xmm4",,,,,,,
0,15,18,,"0F",12,"CD",,0,,,FALSE,,,"movhlps",2,"xmm1","xmm5",,,,,,,
0,15,18,,"0F",12,"CE",,0,,,FALSE,,,"movhlps",2,"xmm1","xmm6",,,,,,,
0,15,18,,"0F",12,"CF",,0,,,FALSE,,,"movhlps",2,"xmm1","xmm7",,,,,,,
0,15,18,,"0F",12,"D0",,0,,,FALSE,,,"movhlps",2,"xmm2","xmm0",,,,,,,
0,15,18,,"0F",12,"D1",,0,,,FALSE,,,"movhlps",2,"xmm2","xmm1",,,,,,,
0,15,18,,"0F",12,"D2",,0,,,FALSE,,,"movhlps",2,"xmm2","xmm2",,,,,,,
0,15,18,,"0F",12,"D3",,0,,,FALSE,,,"movhlps",2,"xmm2","xmm3",,,,,,,
0,15,18,,"0F",12,"D4",,0,,,FALSE,,,"movhlps",2,"xmm2","xmm4",,,,,,,
0,15,18,,"0F",12,"D5",,0,,,FALSE,,,"movhlps",2,"xmm2","xmm5",,,,,,,
0,15,18,,"0F",12,"D6",,0,,,FALSE,,,"movhlps",2,"xmm2","xmm6",,,,,,,
0,15,18,,"0F",12,"D7",,0,,,FALSE,,,"movhlps",2,"xmm2","xmm7",,,,,,,
0,15,18,,"0F",12,"D8",,0,,,FALSE,,,"movhlps",2,"xmm3","xmm0",,,,,,,
0,15,18,,"0F",12,"D9",,0,,,FALSE,,,"movhlps",2,"xmm3","xmm1",,,,,,,
0,15,18,,"0F",12,"DA",,0,,,FALSE,,,"movhlps",2,"xmm3","xmm2",,,,,,,
0,15,18,,"0F",12,"DB",,0,,,FALSE,,,"movhlps",2,"xmm3","xmm3",,,,,,,
0,15,18,,"0F",12,"DC",,0,,,FALSE,,,"movhlps",2,"xmm3","xmm4",,,,,,,
0,15,18,,"0F",12,"DD",,0,,,FALSE,,,"movhlps",2,"xmm3","xmm5",,,,,,,
0,15,18,,"0F",12,"DE",,0,,,FALSE,,,"movhlps",2,"xmm3","xmm6",,,,,,,
0,15,18,,"0F",12,"DF",,0,,,FALSE,,,"movhlps",2,"xmm3","xmm7",,,,,,,
0,15,18,,"0F",12,"E0",,0,,,FALSE,,,"movhlps",2,"xmm4","xmm0",,,,,,,
0,15,18,,"0F",12,"E1",,0,,,FALSE,,,"movhlps",2,"xmm4","xmm1",,,,,,,
0,15,18,,"0F",12,"E2",,0,,,FALSE,,,"movhlps",2,"xmm4","xmm2",,,,,,,
0,15,18,,"0F",12,"E3",,0,,,FALSE,,,"movhlps",2,"xmm4","xmm3",,,,,,,
0,15,18,,"0F",12,"E4",,0,,,FALSE,,,"movhlps",2,"xmm4","xmm4",,,,,,,
0,15,18,,"0F",12,"E5",,0,,,FALSE,,,"movhlps",2,"xmm4","xmm5",,,,,,,
0,15,18,,"0F",12,"E6",,0,,,FALSE,,,"movhlps",2,"xmm4","xmm6",,,,,,,
0,15,18,,"0F",12,"E7",,0,,,FALSE,,,"movhlps",2,"xmm4","xmm7",,,,,,,
0,15,18,,"0F",12,"E8",,0,,,FALSE,,,"movhlps",2,"xmm5","xmm0",,,,,,,
0,15,18,,"0F",12,"E9",,0,,,FALSE,,,"movhlps",2,"xmm5","xmm1",,,,,,,
0,15,18,,"0F",12,"EA",,0,,,FALSE,,,"movhlps",2,"xmm5","xmm2",,,,,,,
0,15,18,,"0F",12,"EB",,0,,,FALSE,,,"movhlps",2,"xmm5","xmm3",,,,,,,
0,15,18,,"0F",12,"EC",,0,,,FALSE,,,"movhlps",2,"xmm5","xmm4",,,,,,,
0,15,18,,"0F",12,"ED",,0,,,FALSE,,,"movhlps",2,"xmm5","xmm5",,,,,,,
0,15,18,,"0F",12,"EE",,0,,,FALSE,,,"movhlps",2,"xmm5","xmm6",,,,,,,
0,15,18,,"0F",12,"EF",,0,,,FALSE,,,"movhlps",2,"xmm5","xmm7",,,,,,,
0,15,18,,"0F",12,"F0",,0,,,FALSE,,,"movhlps",2,"xmm6","xmm0",,,,,,,
0,15,18,,"0F",12,"F1",,0,,,FALSE,,,"movhlps",2,"xmm6","xmm1",,,,,,,
0,15,18,,"0F",12,"F2",,0,,,FALSE,,,"movhlps",2,"xmm6","xmm2",,,,,,,
0,15,18,,"0F",12,"F3",,0,,,FALSE,,,"movhlps",2,"xmm6","xmm3",,,,,,,
0,15,18,,"0F",12,"F4",,0,,,FALSE,,,"movhlps",2,"xmm6","xmm4",,,,,,,
0,15,18,,"0F",12,"F5",,0,,,FALSE,,,"movhlps",2,"xmm6","xmm5",,,,,,,
0,15,18,,"0F",12,"F6",,0,,,FALSE,,,"movhlps",2,"xmm6","xmm6",,,,,,,
0,15,18,,"0F",12,"F7",,0,,,FALSE,,,"movhlps",2,"xmm6","xmm7",,,,,,,
0,15,18,,"0F",12,"F8",,0,,,FALSE,,,"movhlps",2,"xmm7","xmm0",,,,,,,
0,15,18,,"0F",12,"F9",,0,,,FALSE,,,"movhlps",2,"xmm7","xmm1",,,,,,,
0,15,18,,"0F",12,"FA",,0,,,FALSE,,,"movhlps",2,"xmm7","xmm2",,,,,,,
0,15,18,,"0F",12,"FB",,0,,,FALSE,,,"movhlps",2,"xmm7","xmm3",,,,,,,
0,15,18,,"0F",12,"FC",,0,,,FALSE,,,"movhlps",2,"xmm7","xmm4",,,,,,,
0,15,18,,"0F",12,"FD",,0,,,FALSE,,,"movhlps",2,"xmm7","xmm5",,,,,,,
0,15,18,,"0F",12,"FE",,0,,,FALSE,,,"movhlps",2,"xmm7","xmm6",,,,,,,
0,15,18,,"0F",12,"FF",,0,,,FALSE,,,"movhlps",2,"xmm7","xmm7",,,,,,,
102,15,18,66,"0F",12,,"/r",0,,,FALSE,,,"movlpd",2,"xmm","m 64",,,,,,,
242,15,18,"F2","0F",12,,"/r",0,,,FALSE,,,"movddup",2,"xmm","xmm/m64",,,,,,,
243,15,18,"F3","0F",12,,"/r",0,,,FALSE,,,"movsldup",2,"xmm","xmm/m128",,,,,,,
0,15,19,,"0F",13,,"/r",0,,,FALSE,,,"movlps",2,"m 64","xmm",,,,,,,
102,15,19,66,"0F",13,,"/r",0,,,FALSE,,,"movlpd",2,"m 64","xmm",,,,,,,
0,15,20,,"0F",14,,"/r",0,,,FALSE,,,"unpcklps",2,"xmm","xmm/m128",,,,,,,
102,15,20,66,"0F",14,,"/r",0,,,FALSE,,,"unpcklpd",2,"xmm","xmm/m128",,,,,,,
0,15,21,,"0F",15,,"/r",0,,,FALSE,,,"unpckhps",2,"xmm","xmm/m128",,,,,,,
102,15,21,66,"0F",15,,"/r",0,,,FALSE,,,"unpckhpd",2,"xmm","xmm/m128",,,,,,,
0,15,22,,"0F",16,,"/r",0,,,FALSE,,,"movhps",2,"xmm","m64",,,,,,,
0,15,22,,"0F",16,"C0",,0,,,FALSE,,,"movlhps",2,"xmm0","xmm0",,,,,,,
0,15,22,,"0F",16,"C1",,0,,,FALSE,,,"movlhps",2,"xmm0","xmm1",,,,,,,
0,15,22,,"0F",16,"C2",,0,,,FALSE,,,"movlhps",2,"xmm0","xmm2",,,,,,,
0,15,22,,"0F",16,"C3",,0,,,FALSE,,,"movlhps",2,"xmm0","xmm3",,,,,,,
0,15,22,,"0F",16,"C4",,0,,,FALSE,,,"movlhps",2,"xmm0","xmm4",,,,,,,
0,15,22,,"0F",16,"C5",,0,,,FALSE,,,"movlhps",2,"xmm0","xmm5",,,,,,,
0,15,22,,"0F",16,"C6",,0,,,FALSE,,,"movlhps",2,"xmm0","xmm6",,,,,,,
0,15,22,,"0F",16,"C7",,0,,,FALSE,,,"movlhps",2,"xmm0","xmm7",,,,,,,
0,15,22,,"0F",16,"C8",,0,,,FALSE,,,"movlhps",2,"xmm1","xmm0",,,,,,,
0,15,22,,"0F",16,"C9",,0,,,FALSE,,,"movlhps",2,"xmm1","xmm1",,,,,,,
0,15,22,,"0F",16,"CA",,0,,,FALSE,,,"movlhps",2,"xmm1","xmm2",,,,,,,
0,15,22,,"0F",16,"CB",,0,,,FALSE,,,"movlhps",2,"xmm1","xmm3",,,,,,,
0,15,22,,"0F",16,"CC",,0,,,FALSE,,,"movlhps",2,"xmm1","xmm4",,,,,,,
0,15,22,,"0F",16,"CD",,0,,,FALSE,,,"movlhps",2,"xmm1","xmm5",,,,,,,
0,15,22,,"0F",16,"CE",,0,,,FALSE,,,"movlhps",2,"xmm1","xmm6",,,,,,,
0,15,22,,"0F",16,"CF",,0,,,FALSE,,,"movlhps",2,"xmm1","xmm7",,,,,,,
0,15,22,,"0F",16,"D0",,0,,,FALSE,,,"movlhps",2,"xmm2","xmm0",,,,,,,
0,15,22,,"0F",16,"D1",,0,,,FALSE,,,"movlhps",2,"xmm2","xmm1",,,,,,,
0,15,22,,"0F",16,"D2",,0,,,FALSE,,,"movlhps",2,"xmm2","xmm2",,,,,,,
0,15,22,,"0F",16,"D3",,0,,,FALSE,,,"movlhps",2,"xmm2","xmm3",,,,,,,
0,15,22,,"0F",16,"D4",,0,,,FALSE,,,"movlhps",2,"xmm2","xmm4",,,,,,,
0,15,22,,"0F",16,"D5",,0,,,FALSE,,,"movlhps",2,"xmm2","xmm5",,,,,,,
0,15,22,,"0F",16,"D6",,0,,,FALSE,,,"movlhps",2,"xmm2","xmm6",,,,,,,
0,15,22,,"0F",16,"D7",,0,,,FALSE,,,"movlhps",2,"xmm2","xmm7",,,,,,,
0,15,22,,"0F",16,"D8",,0,,,FALSE,,,"movlhps",2,"xmm3","xmm0",,,,,,,
0,15,22,,"0F",16,"D9",,0,,,FALSE,,,"movlhps",2,"xmm3","xmm1",,,,,,,
0,15,22,,"0F",16,"DA",,0,,,FALSE,,,"movlhps",2,"xmm3","xmm2",,,,,,,
0,15,22,,"0F",16,"DB",,0,,,FALSE,,,"movlhps",2,"xmm3","xmm3",,,,,,,
0,15,22,,"0F",16,"DC",,0,,,FALSE,,,"movlhps",2,"xmm3","xmm4",,,,,,,
0,15,22,,"0F",16,"DD",,0,,,FALSE,,,"movlhps",2,"xmm3","xmm5",,,,,,,
0,15,22,,"0F",16,"DE",,0,,,FALSE,,,"movlhps",2,"xmm3","xmm6",,,,,,,
0,15,22,,"0F",16,"DF",,0,,,FALSE,,,"movlhps",2,"xmm3","xmm7",,,,,,,
0,15,22,,"0F",16,"E0",,0,,,FALSE,,,"movlhps",2,"xmm4","xmm0",,,,,,,
0,15,22,,"0F",16,"E1",,0,,,FALSE,,,"movlhps",2,"xmm4","xmm1",,,,,,,
0,15,22,,"0F",16,"E2",,0,,,FALSE,,,"movlhps",2,"xmm4","xmm2",,,,,,,
0,15,22,,"0F",16,"E3",,0,,,FALSE,,,"movlhps",2,"xmm4","xmm3",,,,,,,
0,15,22,,"0F",16,"E4",,0,,,FALSE,,,"movlhps",2,"xmm4","xmm4",,,,,,,
0,15,22,,"0F",16,"E5",,0,,,FALSE,,,"movlhps",2,"xmm4","xmm5",,,,,,,
0,15,22,,"0F",16,"E6",,0,,,FALSE,,,"movlhps",2,"xmm4","xmm6",,,,,,,
0,15,22,,"0F",16,"E7",,0,,,FALSE,,,"movlhps",2,"xmm4","xmm7",,,,,,,
0,15,22,,"0F",16,"E8",,0,,,FALSE,,,"movlhps",2,"xmm5","xmm0",,,,,,,
0,15,22,,"0F",16,"E9",,0,,,FALSE,,,"movlhps",2,"xmm5","xmm1",,,,,,,
0,15,22,,"0F",16,"EA",,0,,,FALSE,,,"movlhps",2,"xmm5","xmm2",,,,,,,
0,15,22,,"0F",16,"EB",,0,,,FALSE,,,"movlhps",2,"xmm5","xmm3",,,,,,,
0,15,22,,"0F",16,"EC",,0,,,FALSE,,,"movlhps",2,"xmm5","xmm4",,,,,,,
0,15,22,,"0F",16,"ED",,0,,,FALSE,,,"movlhps",2,"xmm5","xmm5",,,,,,,
0,15,22,,"0F",16,"EE",,0,,,FALSE,,,"movlhps",2,"xmm5","xmm6",,,,,,,
0,15,22,,"0F",16,"EF",,0,,,FALSE,,,"movlhps",2,"xmm5","xmm7",,,,,,,
0,15,22,,"0F",16,"F0",,0,,,FALSE,,,"movlhps",2,"xmm6","xmm0",,,,,,,
0,15,22,,"0F",16,"F1",,0,,,FALSE,,,"movlhps",2,"xmm6","xmm1",,,,,,,
0,15,22,,"0F",16,"F2",,0,,,FALSE,,,"movlhps",2,"xmm6","xmm2",,,,,,,
0,15,22,,"0F",16,"F3",,0,,,FALSE,,,"movlhps",2,"xmm6","xmm3",,,,,,,
0,15,22,,"0F",16,"F4",,0,,,FALSE,,,"movlhps",2,"xmm6","xmm4",,,,,,,
0,15,22,,"0F",16,"F5",,0,,,FALSE,,,"movlhps",2,"xmm6","xmm5",,,,,,,
0,15,22,,"0F",16,"F6",,0,,,FALSE,,,"movlhps",2,"xmm6","xmm6",,,,,,,
0,15,22,,"0F",16,"F7",,0,,,FALSE,,,"movlhps",2,"xmm6","xmm7",,,,,,,
0,15,22,,"0F",16,"F8",,0,,,FALSE,,,"movlhps",2,"xmm7","xmm0",,,,,,,
0,15,22,,"0F",16,"F9",,0,,,FALSE,,,"movlhps",2,"xmm7","xmm1",,,,,,,
0,15,22,,"0F",16,"FA",,0,,,FALSE,,,"movlhps",2,"xmm7","xmm2",,,,,,,
0,15,22,,"0F",16,"FB",,0,,,FALSE,,,"movlhps",2,"xmm7","xmm3",,,,,,,
0,15,22,,"0F",16,"FC",,0,,,FALSE,,,"movlhps",2,"xmm7","xmm4",,,,,,,
0,15,22,,"0F",16,"FD",,0,,,FALSE,,,"movlhps",2,"xmm7","xmm5",,,,,,,
0,15,22,,"0F",16,"FE",,0,,,FALSE,,,"movlhps",2,"xmm7","xmm6",,,,,,,
0,15,22,,"0F",16,"FF",,0,,,FALSE,,,"movlhps",2,"xmm7","xmm7",,,,,,,
102,15,22,66,"0F",16,,"/r",0,,,FALSE,,,"movhpd",2,"xmm","m 64",,,,,,,
243,15,22,"F3","0F",16,,"/r",0,,,FALSE,,,"movshdup",2,"xmm","xmm/m128",,,,,,,
0,15,23,,"0F",17,,"/r",0,,,FALSE,,,"movhps",2,"m 64","xmm",,,,,,,
102,15,23,66,"0F",17,,"/r",0,,,FALSE,,,"movhpd",2,"m 64","xmm",,,,,,,
0,15,40,,"0F",28,,"/r",0,,,FALSE,,,"movaps",2,"xmm","xmm/m128",,,,,,,
102,15,40,66,"0F",28,,"/r",0,,,FALSE,,,"movapd",2,"xmm","xmm/m128",,,,,,,
0,15,41,,"0F",29,,"/r",0,,,FALSE,,,"movaps",2,"xmm/m128","xmm",,,,,,,
102,15,41,66,"0F",29,,"/r",0,,,FALSE,,,"movapd",2,"xmm/m128","xmm",,,,,,,
0,15,42,,"0F","2A",,"/r",0,,,FALSE,,,"cvtpi2ps",2,"xmm","mm/m64",,,,,,,
102,15,42,66,"0F","2A",,"/r",0,,,FALSE,,,"cvtpi2pd",2,"xmm","mm/m64",,,,,,,
242,15,42,"F2","0F","2A",,"/r",0,,,FALSE,,,"cvtsi2sd",2,"xmm","r/m 32",,,,,,,
243,15,42,"F3","0F","2A",,"/r",0,,,FALSE,,,"cvtsi2ss",2,"xmm","r/m 32",,,,,,,
0,15,43,,"0F","2B",,"/r",0,,,FALSE,,,"movntps",2,"m 128","xmm",,,,,,,
102,15,43,66,"0F","2B",,"/r",0,,,FALSE,,,"movntpd",2,"m 128","xmm",,,,,,,
0,15,44,,"0F","2C",,"/r",0,,,FALSE,,,"cvttps2pi",2,"mm","xmm/m64",,,,,,,
102,15,44,66,"0F","2C",,"/r",0,,,FALSE,,,"cvttpd2pi",2,"mm","xmm/m128",,,,,,,
242,15,44,"F2","0F","2C",,"/r",0,,,FALSE,,,"cvttsd2si",2,"r 32","xmm/m64",,,,,,,
243,15,44,"F3","0F","2C",,"/r",0,,,FALSE,,,"cvttss2si",2,"r 32","xmm/m32",,,,,,,
0,15,45,,"0F","2D",,"/r",0,,,FALSE,,,"cvtps2pi",2,"mm","xmm/m64",,,,,,,
102,15,45,66,"0F","2D",,"/r",0,,,FALSE,,,"cvtpd2pi",2,"mm","xmm/m128",,,,,,,
242,15,45,"F2","0F","2D",,"/r",0,,,FALSE,,,"cvtsd2si",2,"r 32","xmm/m64",,,,,,,
243,15,45,"F3","0F","2D",,"/r",0,,,FALSE,,,"cvtss2si",2,"r 32","xmm/m32",,,,,,,
0,15,46,,"0F","2E",,"/r",0,,,FALSE,,,"ucomiss",2,"xmm","xmm/m32",,,,,,,
102,15,46,66,"0F","2E",,"/r",0,,,FALSE,,,"ucomisd",2,"xmm","xmm/m64",,,,,,,
0,15,47,,"0F","2F",,"/r",0,,,FALSE,,,"comiss",2,"xmm","xmm/m32",,,,,,,
102,15,47,66,"0F","2F",,"/r",0,,,FALSE,,,"comisd",2,"xmm","xmm/m64",,,,,,,
0,15,80,,"0F",50,,"/r",0,,,FALSE,,,"movmskps",2,"r 32","xmm",,,,,,,
102,15,80,66,"0F",50,,"/r",0,,,FALSE,,,"movmskpd",2,"r 32","xmm",,,,,,,
0,15,81,,"0F",51,,"/r",0,,,FALSE,,,"sqrtps",2,"xmm","xmm/m128",,,,,,,
102,15,81,66,"0F",51,,"/r",0,,,FALSE,,,"sqrtpd",2,"xmm","xmm/m128",,,,,,,
242,15,81,"F2","0F",51,,"/r",0,,,FALSE,,,"sqrtsd",2,"xmm","xmm/m64",,,,,,,
243,15,81,"F3","0F",51,,"/r",0,,,FALSE,,,"sqrtss",2,"xmm","xmm/m32",,,,,,,
0,15,82,,"0F",52,,"/r",0,,,FALSE,,,"rsqrtps",2,"xmm","xmm/m128",,,,,,,
243,15,82,"F3","0F",52,,"/r",0,,,FALSE,,,"rsqrtss",2,"xmm","xmm/m32",,,,,,,
0,15,83,,"0F",53,,"/r",0,,,FALSE,,,"rcpps",2,"xmm","xmm/m128",,,,,,,
243,15,83,"F3","0F",53,,"/r",0,,,FALSE,,,"rcpss",2,"xmm","xmm/m32",,,,,,,
0,15,84,,"0F",54,,"/r",0,,,FALSE,,,"andps",2,"xmm","xmm/m128",,,,,,,
102,15,84,66,"0F",54,,"/r",0,,,FALSE,,,"andpd",2,"xmm","xmm/m128",,,,,,,
0,15,85,,"0F",55,,"/r",0,,,FALSE,,,"andnps",2,"xmm","xmm/m128",,,,,,,
102,15,85,66,"0F",55,,"/r",0,,,FALSE,,,"andnpd",2,"xmm","xmm/m128",,,,,,,
0,15,86,,"0F",56,,"/r",0,,,FALSE,,,"orps",2,"xmm","xmm/m128",,,,,,,
102,15,86,66,"0F",56,,"/r",0,,,FALSE,,,"orpd",2,"xmm","xmm/m128",,,,,,,
0,15,87,,"0F",57,,"/r",0,,,FALSE,,,"xorps",2,"xmm","xmm/m128",,,,,,,
102,15,87,66,"0F",57,,"/r",0,,,FALSE,,,"xorpd",2,"xmm","xmm/m128",,,,,,,
0,15,88,,"0F",58,,"/r",0,,,FALSE,,,"addps",2,"xmm","xmm/m128",,,,,,,
102,15,88,66,"0F",58,,"/r",0,,,FALSE,,,"addpd",2,"xmm","xmm/m128",,,,,,,
242,15,88,"F2","0F",58,,"/r",0,,,FALSE,,,"addsd",2,"xmm","xmm/m64",,,,,,,
243,15,88,"F3","0F",58,,"/r",0,,,FALSE,,,"addss",2,"xmm","xmm/m32",,,,,,,
0,15,89,,"0F",59,,"/r",0,,,FALSE,,,"mulps",2,"xmm","xmm/m128",,,,,,,
102,15,89,66,"0F",59,,"/r",0,,,FALSE,,,"mulpd",2,"xmm","xmm/m128",,,,,,,
242,15,89,"F2","0F",59,,"/r",0,,,FALSE,,,"mulsd",2,"xmm","xmm/m64",,,,,,,
243,15,89,"F3","0F",59,,"/r",0,,,FALSE,,,"mulss",2,"xmm","xmm/m32",,,,,,,
0,15,90,,"0F","5A",,"/r",0,,,FALSE,,,"cvtps2pd",2,"xmm","xmm/m64",,,,,,,
102,15,90,66,"0F","5A",,"/r",0,,,FALSE,,,"cvtpd2ps",2,"xmm","xmm/m128",,,,,,,
242,15,90,"F2","0F","5A",,"/r",0,,,FALSE,,,"cvtsd2ss",2,"xmm","xmm/m64",,,,,,,
243,15,90,"F3","0F","5A",,"/r",0,,,FALSE,,,"cvtss2sd",2,"xmm","xmm/m32",,,,,,,
0,15,91,,"0F","5B",,"/r",0,,,FALSE,,,"cvtdq2ps",2,"xmm","xmm/m128",,,,,,,
102,15,91,66,"0F","5B",,"/r",0,,,FALSE,,,"cvtps2dq",2,"xmm","xmm/m128",,,,,,,
243,15,91,"F3","0F","5B",,"/r",0,,,FALSE,,,"cvttps2dq",2,"xmm","xmm/m128",,,,,,,
0,15,92,,"0F","5C",,"/r",0,,,FALSE,,,"subps",2,"xmm","xmm/m128",,,,,,,
102,15,92,66,"0F","5C",,"/r",0,,,FALSE,,,"subpd",2,"xmm","xmm/m128",,,,,,,
242,15,92,"F2","0F","5C",,"/r",0,,,FALSE,,,"subsd",2,"xmm","xmm/m64",,,,,,,
243,15,92,"F3","0F","5C",,"/r",0,,,FALSE,,,"subss",2,"xmm","xmm/m32",,,,,,,
0,15,93,,"0F","5D",,"/r",0,,,FALSE,,,"minps",2,"xmm","xmm/m128",,,,,,,
102,15,93,66,"0F","5D",,"/r",0,,,FALSE,,,"minpd",2,"xmm","xmm/m128",,,,,,,
242,15,93,"F2","0F","5D",,"/r",0,,,FALSE,,,"minsd",2,"xmm","xmm/m64",,,,,,,
243,15,93,"F3","0F","5D",,"/r",0,,,FALSE,,,"minss",2,"xmm","xmm/m32",,,,,,,
0,15,94,,"0F","5E",,"/r",0,,,FALSE,,,"divps",2,"xmm","xmm/m128",,,,,,,
102,15,94,66,"0F","5E",,"/r",0,,,FALSE,,,"divpd",2,"xmm","xmm/m128",,,,,,,
242,15,94,"F2","0F","5E",,"/r",0,,,FALSE,,,"divsd",2,"xmm","xmm/m64",,,,,,,
243,15,94,"F3","0F","5E",,"/r",0,,,FALSE,,,"divss",2,"xmm","xmm/m32",,,,,,,
0,15,95,,"0F","5F",,"/r",0,,,FALSE,,,"maxps",2,"xmm","xmm/m128",,,,,,,
102,15,95,66,"0F","5F",,"/r",0,,,FALSE,,,"maxpd",2,"xmm","xmm/m128",,,,,,,
242,15,95,"F2","0F","5F",,"/r",0,,,FALSE,,,"maxsd",2,"xmm","xmm/m64",,,,,,,
243,15,95,"F3","0F","5F",,"/r",0,,,FALSE,,,"maxss",2,"xmm","xmm/m32",,,,,,,
0,15,96,,"0F",60,,"/r",0,,,FALSE,,,"punpcklbw",2,"mm","mm/m64",,,,,,,
102,15,96,66,"0F",60,,"/r",0,,,FALSE,,,"punpcklbw",2,"xmm","xmm/m128",,,,,,,
0,15,97,,"0F",61,,"/r",0,,,FALSE,,,"punpcklwd",2,"mm","mm/m64",,,,,,,
102,15,97,66,"0F",61,,"/r",0,,,FALSE,,,"punpcklwd",2,"xmm","xmm/m128",,,,,,,
0,15,98,,"0F",62,,"/r",0,,,FALSE,,,"punpckldq",2,"mm","mm/m64",,,,,,,
102,15,98,66,"0F",62,,"/r",0,,,FALSE,,,"punpckldq",2,"xmm","xmm/m128",,,,,,,
0,15,99,,"0F",63,,"/r",0,,,FALSE,,,"packsswb",2,"mm","mm/m64",,,,,,,
102,15,99,66,"0F",63,,"/r",0,,,FALSE,,,"packsswb",2,"xmm","xmm/m128",,,,,,,
0,15,100,,"0F",64,,"/r",0,,,FALSE,,,"pcmpgtb",2,"mm","mm/m64",,,,,,,
102,15,100,66,"0F",64,,"/r",0,,,FALSE,,,"pcmpgtb",2,"xmm","xmm/m128",,,,,,,
0,15,101,,"0F",65,,"/r",0,,,FALSE,,,"pcmpgtw",2,"mm","mm/m64",,,,,,,
102,15,101,66,"0F",65,,"/r",0,,,FALSE,,,"pcmpgtw",2,"xmm","xmm/m128",,,,,,,
0,15,102,,"0F",66,,"/r",0,,,FALSE,,,"pcmpgtd",2,"mm","mm/m64",,,,,,,
102,15,102,66,"0F",66,,"/r",0,,,FALSE,,,"pcmpgtd",2,"xmm","xmm/m128",,,,,,,
0,15,103,,"0F",67,,"/r",0,,,FALSE,,,"packuswb",2,"mm","mm/m64",,,,,,,
102,15,103,66,"0F",67,,"/r",0,,,FALSE,,,"packusdw",2,"xmm","xmm/m128",,,,,,,
0,15,104,,"0F",68,,"/r",0,,,FALSE,,,"punpckhbw",2,"mm","mm/m64",,,,,,,
102,15,104,66,"0F",68,,"/r",0,,,FALSE,,,"punpckhbw",2,"xmm","xmm/m128",,,,,,,
0,15,105,,"0F",69,,"/r",0,,,FALSE,,,"punpckhwd",2,"mm","mm/m64",,,,,,,
102,15,105,66,"0F",69,,"/r",0,,,FALSE,,,"punpckhwd",2,"xmm","xmm/m128",,,,,,,
0,15,106,,"0F","6A",,"/r",0,,,FALSE,,,"punpckhdq",2,"mm","mm/m64",,,,,,,
102,15,106,66,"0F","6A",,"/r",0,,,FALSE,,,"punpckhdq",2,"xmm","xmm/m128",,,,,,,
0,15,107,,"0F","6B",,"/r",0,,,FALSE,,,"packssdw",2,"mm","mm/m64",,,,,,,
102,15,107,66,"0F","6B",,"/r",0,,,FALSE,,,"packssdw",2,"xmm","xmm/m128",,,,,,,
102,15,108,66,"0F","6C",,"/r",0,,,FALSE,,,"punpcklqdq",2,"xmm","xmm/m128",,,,,,,
102,15,109,66,"0F","6D",,"/r",0,,,FALSE,,,"punpckhqdq",2,"xmm","xmm/m128",,,,,,,
0,15,110,,"0F","6E",,"/r",0,,,FALSE,,,"movd",2,"mm","r/m 32",,,,,,,
102,15,110,66,"0F","6E",,"/r",0,,,FALSE,,,"movd",2,"xmm","r/m 32",,,,,,,
0,15,111,,"0F","6F",,"/r",0,,,FALSE,,,"movq",2,"mm","mm/m64",,,,,,,
102,15,111,66,"0F","6F",,"/r",0,,,FALSE,,,"movdqa",2,"xmm","xmm/m128",,,,,,,
243,15,111,"F3","0F","6F",,"/r",0,,,FALSE,,,"movdqu",2,"xmm","xmm/m128",,,,,,,
0,15,112,,"0F",70,,"/r",1,"imm 8",,FALSE,,,"pshufw",3,"mm","mm/m64","imm 8",,,,,,
102,15,112,66,"0F",70,,"/r",1,"imm 8",,FALSE,,,"pshufd",3,"xmm","xmm/m128","imm 8",,,,,,
242,15,112,"F2","0F",70,,"/r",1,"imm 8",,FALSE,,,"pshuflw",3,"xmm","xmm/m128","imm 8",,,,,,
243,15,112,"F3","0F",70,,"/r",1,"imm 8",,FALSE,,,"pshufhw",3,"xmm","xmm/m128","imm 8",,,,,,
0,15,113,,"0F",71,,"/2",1,"imm 8",,FALSE,,,"psrlw",2,"mm","imm 8",,,,,,,
0,15,113,,"0F",71,,"/4",1,"imm 8",,FALSE,,,"psraw",2,"mm","imm 8",,,,,,,
0,15,113,,"0F",71,,"/6",1,"imm 8",,FALSE,,,"psllw",2,"mm","imm 8",,,,,,,
102,15,113,66,"0F",71,,"/2",1,"imm 8",,FALSE,,,"psrlw",2,"xmm","imm 8",,,,,,,
102,15,113,66,"0F",71,,"/4",1,"imm 8",,FALSE,,,"psraw",2,"xmm","imm 8",,,,,,,
102,15,113,66,"0F",71,,"/6",1,"imm 8",,FALSE,,,"psllw",2,"xmm","imm 8",,,,,,,
0,15,114,,"0F",72,,"/2",1,"imm 8",,FALSE,,,"psrld",2,"mm","imm 8",,,,,,,
0,15,114,,"0F",72,,"/4",1,"imm 8",,FALSE,,,"psrad",2,"mm","imm 8",,,,,,,
0,15,114,,"0F",72,,"/6",1,"imm 8",,FALSE,,,"pslld",2,"mm","imm 8",,,,,,,
102,15,114,66,"0F",72,,"/2",1,"imm 8",,FALSE,,,"psrld",2,"xmm","imm 8",,,,,,,
102,15,114,66,"0F",72,,"/4",1,"imm 8",,FALSE,,,"psrad",2,"xmm","imm 8",,,,,,,
102,15,114,66,"0F",72,,"/6",1,"imm 8",,FALSE,,,"pslld",2,"xmm","imm 8",,,,,,,
0,15,115,,"0F",73,,"/2",1,"imm 8",,FALSE,,,"psrlq",2,"mm","imm 8",,,,,,,
0,15,115,,"0F",73,,"/6",1,"imm 8",,FALSE,,,"psllq",2,"mm","imm 8",,,,,,,
102,15,115,66,"0F",73,,"/2",1,"imm 8",,FALSE,,,"psrlq",2,"xmm","imm 8",,,,,,,
102,15,115,66,"0F",73,,"/3",1,"imm 8",,FALSE,,,"psrldq",2,"xmm","imm 8",,,,,,,
102,15,115,66,"0F",73,,"/6",1,"imm 8",,FALSE,,,"psllq",2,"xmm","imm 8",,,,,,,
102,15,115,66,"0F",73,,"/7",1,"imm 8",,FALSE,,,"pslldq",2,"xmm","imm 8",,,,,,,
0,15,116,,"0F",74,,"/r",0,,,FALSE,,,"pcmpeqb",2,"mm","mm/m64",,,,,,,
102,15,116,66,"0F",74,,"/r",0,,,FALSE,,,"pcmpeqb",2,"xmm","xmm/m128",,,,,,,
0,15,117,,"0F",75,,"/r",0,,,FALSE,,,"pcmpeqw",2,"mm","mm/m64",,,,,,,
102,15,117,66,"0F",75,,"/r",0,,,FALSE,,,"pcmpeqw",2,"xmm","xmm/m128",,,,,,,
0,15,118,,"0F",76,,"/r",0,,,FALSE,,,"pcmpeqd",2,"mm","mm/m64",,,,,,,
102,15,118,66,"0F",76,,"/r",0,,,FALSE,,,"pcmpeqd",2,"xmm","xmm/m128",,,,,,,
102,15,124,66,"0F","7C",,"/r",0,,,FALSE,,,"haddpd",2,"xmm","xmm/m128",,,,,,,
242,15,124,"F2","0F","7C",,"/r",0,,,FALSE,,,"haddps",2,"xmm","xmm/m128",,,,,,,
102,15,125,66,"0F","7D",,"/r",0,,,FALSE,,,"hsubpd",2,"xmm","xmm/m128",,,,,,,
242,15,125,"F2","0F","7D",,"/r",0,,,FALSE,,,"hsubps",2,"xmm","xmm/m128",,,,,,,
0,15,126,,"0F","7E",,"/r",0,,,FALSE,,,"movd",2,"r/m 32","mm",,,,,,,
102,15,126,66,"0F","7E",,"/r",0,,,FALSE,,,"movd",2,"r/m 32","xmm",,,,,,,
243,15,126,"F3","0F","7E",,"/r",0,,,FALSE,,,"movq",2,"xmm","xmm/m64",,,,,,,
0,15,127,,"0F","7F",,"/r",0,,,FALSE,,,"movq",2,"mm/m64","mm",,,,,,,
102,15,127,66,"0F","7F",,"/r",0,,,FALSE,,,"movdqa",2,"xmm/m128","xmm",,,,,,,
243,15,127,"F3","0F","7F",,"/r",0,,,FALSE,,,"movdqu",2,"xmm/m128","xmm",,,,,,,
0,15,194,,"0F","C2",,"/r",1,"imm 8",,FALSE,,,"cmpps",3,"xmm","xmm/m128","imm 8",,,,,,
102,15,194,66,"0F","C2",,"/r",1,"imm 8",,FALSE,,,"cmppd",3,"xmm","xmm/m128","imm 8",,,,,,
242,15,194,"F2","0F","C2",,"/r",1,"imm 8",,FALSE,,,"cmpsd",3,"xmm","xmm/m64","imm 8",,,,,,
243,15,194,"F3","0F","C2",,"/r",1,"imm 8",,FALSE,,,"cmpss",3,"xmm","xmm/m32","imm 8",,,,,,
0,15,196,,"0F","C4",,"/r",1,"imm 8",,FALSE,,,"pinsrw",3,"mm","m16","imm 8",,,,,,
0,15,196,,"0F","C4","C0",,1,"imm 8",,FALSE,,,"pinsrw",3,"mm0","eax","imm 8",,,,,,
0,15,196,,"0F","C4","C1",,1,"imm 8",,FALSE,,,"pinsrw",3,"mm0","ecx","imm 8",,,,,,
0,15,196,,"0F","C4","C2",,1,"imm 8",,FALSE,,,"pinsrw",3,"mm0","edx","imm 8",,,,,,
0,15,196,,"0F","C4","C3",,1,"imm 8",,FALSE,,,"pinsrw",3,"mm0","ebx","imm 8",,,,,,
0,15,196,,"0F","C4","C4",,1,"imm 8",,FALSE,,,"pinsrw",3,"mm0","esp","imm 8",,,,,,
0,15,196,,"0F","C4","C5",,1,"imm 8",,FALSE,,,"pinsrw",3,"mm0","ebp","imm 8",,,,,,
0,15,196,,"0F","C4","C6",,1,"imm 8",,FALSE,,,"pinsrw",3,"mm0","esi","imm 8",,,,,,
0,15,196,,"0F","C4","C7",,1,"imm 8",,FALSE,,,"pinsrw",3,"mm0","edi","imm 8",,,,,,
0,15,196,,"0F","C4","C8",,1,"imm 8",,FALSE,,,"pinsrw",3,"mm1","eax","imm 8",,,,,,
0,15,196,,"0F","C4","C9",,1,"imm 8",,FALSE,,,"pinsrw",3,"mm1","ecx","imm 8",,,,,,
0,15,196,,"0F","C4","CA",,1,"imm 8",,FALSE,,,"pinsrw",3,"mm1","edx","imm 8",,,,,,
0,15,196,,"0F","C4","CB",,1,"imm 8",,FALSE,,,"pinsrw",3,"mm1","ebx","imm 8",,,,,,
0,15,196,,"0F","C4","CC",,1,"imm 8",,FALSE,,,"pinsrw",3,"mm1","esp","imm 8",,,,,,
0,15,196,,"0F","C4","CD",,1,"imm 8",,FALSE,,,"pinsrw",3,"mm1","ebp","imm 8",,,,,,
0,15,196,,"0F","C4","CE",,1,"imm 8",,FALSE,,,"pinsrw",3,"mm1","esi","imm 8",,,,,,
0,15,196,,"0F","C4","CF",,1,"imm 8",,FALSE,,,"pinsrw",3,"mm1","edi","imm 8",,,,,,
0,15,196,,"0F","C4","D0",,1,"imm 8",,FALSE,,,"pinsrw",3,"mm2","eax","imm 8",,,,,,
0,15,196,,"0F","C4","D1",,1,"imm 8",,FALSE,,,"pinsrw",3,"mm2","ecx","imm 8",,,,,,
0,15,196,,"0F","C4","D2",,1,"imm 8",,FALSE,,,"pinsrw",3,"mm2","edx","imm 8",,,,,,
0,15,196,,"0F","C4","D3",,1,"imm 8",,FALSE,,,"pinsrw",3,"mm2","ebx","imm 8",,,,,,
0,15,196,,"0F","C4","D4",,1,"imm 8",,FALSE,,,"pinsrw",3,"mm2","esp","imm 8",,,,,,
0,15,196,,"0F","C4","D5",,1,"imm 8",,FALSE,,,"pinsrw",3,"mm2","ebp","imm 8",,,,,,
0,15,196,,"0F","C4","D6",,1,"imm 8",,FALSE,,,"pinsrw",3,"mm2","esi","imm 8",,,,,,
0,15,196,,"0F","C4","D7",,1,"imm 8",,FALSE,,,"pinsrw",3,"mm2","edi","imm 8",,,,,,
0,15,196,,"0F","C4","D8",,1,"imm 8",,FALSE,,,"pinsrw",3,"mm3","eax","imm 8",,,,,,
0,15,196,,"0F","C4","D9",,1,"imm 8",,FALSE,,,"pinsrw",3,"mm3","ecx","imm 8",,,,,,
0,15,196,,"0F","C4","DA",,1,"imm 8",,FALSE,,,"pinsrw",3,"mm3","edx","imm 8",,,,,,
0,15,196,,"0F","C4","DB",,1,"imm 8",,FALSE,,,"pinsrw",3,"mm3","ebx","imm 8",,,,,,
0,15,196,,"0F","C4","DC",,1,"imm 8",,FALSE,,,"pinsrw",3,"mm3","esp","imm 8",,,,,,
0,15,196,,"0F","C4","DD",,1,"imm 8",,FALSE,,,"pinsrw",3,"mm3","ebp","imm 8",,,,,,
0,15,196,,"0F","C4","DE",,1,"imm 8",,FALSE,,,"pinsrw",3,"mm3","esi","imm 8",,,,,,
0,15,196,,"0F","C4","DF",,1,"imm 8",,FALSE,,,"pinsrw",3,"mm3","edi","imm 8",,,,,,
0,15,196,,"0F","C4","E0",,1,"imm 8",,FALSE,,,"pinsrw",3,"mm4","eax","imm 8",,,,,,
0,15,196,,"0F","C4","E1",,1,"imm 8",,FALSE,,,"pinsrw",3,"mm4","ecx","imm 8",,,,,,
0,15,196,,"0F","C4","E2",,1,"imm 8",,FALSE,,,"pinsrw",3,"mm4","edx","imm 8",,,,,,
0,15,196,,"0F","C4","E3",,1,"imm 8",,FALSE,,,"pinsrw",3,"mm4","ebx","imm 8",,,,,,
0,15,196,,"0F","C4","E4",,1,"imm 8",,FALSE,,,"pinsrw",3,"mm4","esp","imm 8",,,,,,
0,15,196,,"0F","C4","E5",,1,"imm 8",,FALSE,,,"pinsrw",3,"mm4","ebp","imm 8",,,,,,
0,15,196,,"0F","C4","E6",,1,"imm 8",,FALSE,,,"pinsrw",3,"mm4","esi","imm 8",,,,,,
0,15,196,,"0F","C4","E7",,1,"imm 8",,FALSE,,,"pinsrw",3,"mm4","edi","imm 8",,,,,,
0,15,196,,"0F","C4","E8",,1,"imm 8",,FALSE,,,"pinsrw",3,"mm5","eax","imm 8",,,,,,
0,15,196,,"0F","C4","E9",,1,"imm 8",,FALSE,,,"pinsrw",3,"mm5","ecx","imm 8",,,,,,
0,15,196,,"0F","C4","EA",,1,"imm 8",,FALSE,,,"pinsrw",3,"mm5","edx","imm 8",,,,,,
0,15,196,,"0F","C4","EB",,1,"imm 8",,FALSE,,,"pinsrw",3,"mm5","ebx","imm 8",,,,,,
0,15,196,,"0F","C4","EC",,1,"imm 8",,FALSE,,,"pinsrw",3,"mm5","esp","imm 8",,,,,,
0,15,196,,"0F","C4","ED",,1,"imm 8",,FALSE,,,"pinsrw",3,"mm5","ebp","imm 8",,,,,,
0,15,196,,"0F","C4","EE",,1,"imm 8",,FALSE,,,"pinsrw",3,"mm5","esi","imm 8",,,,,,
0,15,196,,"0F","C4","EF",,1,"imm 8",,FALSE,,,"pinsrw",3,"mm5","edi","imm 8",,,,,,
0,15,196,,"0F","C4","F0",,1,"imm 8",,FALSE,,,"pinsrw",3,"mm6","eax","imm 8",,,,,,
0,15,196,,"0F","C4","F1",,1,"imm 8",,FALSE,,,"pinsrw",3,"mm6","ecx","imm 8",,,,,,
0,15,196,,"0F","C4","F2",,1,"imm 8",,FALSE,,,"pinsrw",3,"mm6","edx","imm 8",,,,,,
0,15,196,,"0F","C4","F3",,1,"imm 8",,FALSE,,,"pinsrw",3,"mm6","ebx","imm 8",,,,,,
0,15,196,,"0F","C4","F4",,1,"imm 8",,FALSE,,,"pinsrw",3,"mm6","esp","imm 8",,,,,,
0,15,196,,"0F","C4","F5",,1,"imm 8",,FALSE,,,"pinsrw",3,"mm6","ebp","imm 8",,,,,,
0,15,196,,"0F","C4","F6",,1,"imm 8",,FALSE,,,"pinsrw",3,"mm6","esi","imm 8",,,,,,
0,15,196,,"0F","C4","F7",,1,"imm 8",,FALSE,,,"pinsrw",3,"mm6","edi","imm 8",,,,,,
0,15,196,,"0F","C4","F8",,1,"imm 8",,FALSE,,,"pinsrw",3,"mm7","eax","imm 8",,,,,,
0,15,196,,"0F","C4","F9",,1,"imm 8",,FALSE,,,"pinsrw",3,"mm7","ecx","imm 8",,,,,,
0,15,196,,"0F","C4","FA",,1,"imm 8",,FALSE,,,"pinsrw",3,"mm7","edx","imm 8",,,,,,
0,15,196,,"0F","C4","FB",,1,"imm 8",,FALSE,,,"pinsrw",3,"mm7","ebx","imm 8",,,,,,
0,15,196,,"0F","C4","FC",,1,"imm 8",,FALSE,,,"pinsrw",3,"mm7","esp","imm 8",,,,,,
0,15,196,,"0F","C4","FD",,1,"imm 8",,FALSE,,,"pinsrw",3,"mm7","ebp","imm 8",,,,,,
0,15,196,,"0F","C4","FE",,1,"imm 8",,FALSE,,,"pinsrw",3,"mm7","esi","imm 8",,,,,,
0,15,196,,"0F","C4","FF",,1,"imm 8",,FALSE,,,"pinsrw",3,"mm7","edi","imm 8",,,,,,
102,15,196,66,"0F","C4",,"/r",1,"imm 8",,FALSE,,,"pinsrw",3,"xmm","m16","imm 8",,,,,,
102,15,196,66,"0F","C4","C0",,1,"imm 8",,FALSE,,,"pinsrw",3,"xmm0","eax","imm 8",,,,,,
102,15,196,66,"0F","C4","C1",,1,"imm 8",,FALSE,,,"pinsrw",3,"xmm0","ecx","imm 8",,,,,,
102,15,196,66,"0F","C4","C2",,1,"imm 8",,FALSE,,,"pinsrw",3,"xmm0","edx","imm 8",,,,,,
102,15,196,66,"0F","C4","C3",,1,"imm 8",,FALSE,,,"pinsrw",3,"xmm0","ebx","imm 8",,,,,,
102,15,196,66,"0F","C4","C4",,1,"imm 8",,FALSE,,,"pinsrw",3,"xmm0","esp","imm 8",,,,,,
102,15,196,66,"0F","C4","C5",,1,"imm 8",,FALSE,,,"pinsrw",3,"xmm0","ebp","imm 8",,,,,,
102,15,196,66,"0F","C4","C6",,1,"imm 8",,FALSE,,,"pinsrw",3,"xmm0","esi","imm 8",,,,,,
102,15,196,66,"0F","C4","C7",,1,"imm 8",,FALSE,,,"pinsrw",3,"xmm0","edi","imm 8",,,,,,
102,15,196,66,"0F","C4","C8",,1,"imm 8",,FALSE,,,"pinsrw",3,"xmm1","eax","imm 8",,,,,,
102,15,196,66,"0F","C4","C9",,1,"imm 8",,FALSE,,,"pinsrw",3,"xmm1","ecx","imm 8",,,,,,
102,15,196,66,"0F","C4","CA",,1,"imm 8",,FALSE,,,"pinsrw",3,"xmm1","edx","imm 8",,,,,,
102,15,196,66,"0F","C4","CB",,1,"imm 8",,FALSE,,,"pinsrw",3,"xmm1","ebx","imm 8",,,,,,
102,15,196,66,"0F","C4","CC",,1,"imm 8",,FALSE,,,"pinsrw",3,"xmm1","esp","imm 8",,,,,,
102,15,196,66,"0F","C4","CD",,1,"imm 8",,FALSE,,,"pinsrw",3,"xmm1","ebp","imm 8",,,,,,
102,15,196,66,"0F","C4","CE",,1,"imm 8",,FALSE,,,"pinsrw",3,"xmm1","esi","imm 8",,,,,,
102,15,196,66,"0F","C4","CF",,1,"imm 8",,FALSE,,,"pinsrw",3,"xmm1","edi","imm 8",,,,,,
102,15,196,66,"0F","C4","D0",,1,"imm 8",,FALSE,,,"pinsrw",3,"xmm2","eax","imm 8",,,,,,
102,15,196,66,"0F","C4","D1",,1,"imm 8",,FALSE,,,"pinsrw",3,"xmm2","ecx","imm 8",,,,,,
102,15,196,66,"0F","C4","D2",,1,"imm 8",,FALSE,,,"pinsrw",3,"xmm2","edx","imm 8",,,,,,
102,15,196,66,"0F","C4","D3",,1,"imm 8",,FALSE,,,"pinsrw",3,"xmm2","ebx","imm 8",,,,,,
102,15,196,66,"0F","C4","D4",,1,"imm 8",,FALSE,,,"pinsrw",3,"xmm2","esp","imm 8",,,,,,
102,15,196,66,"0F","C4","D5",,1,"imm 8",,FALSE,,,"pinsrw",3,"xmm2","ebp","imm 8",,,,,,
102,15,196,66,"0F","C4","D6",,1,"imm 8",,FALSE,,,"pinsrw",3,"xmm2","esi","imm 8",,,,,,
102,15,196,66,"0F","C4","D7",,1,"imm 8",,FALSE,,,"pinsrw",3,"xmm2","edi","imm 8",,,,,,
102,15,196,66,"0F","C4","D8",,1,"imm 8",,FALSE,,,"pinsrw",3,"xmm3","eax","imm 8",,,,,,
102,15,196,66,"0F","C4","D9",,1,"imm 8",,FALSE,,,"pinsrw",3,"xmm3","ecx","imm 8",,,,,,
102,15,196,66,"0F","C4","DA",,1,"imm 8",,FALSE,,,"pinsrw",3,"xmm3","edx","imm 8",,,,,,
102,15,196,66,"0F","C4","DB",,1,"imm 8",,FALSE,,,"pinsrw",3,"xmm3","ebx","imm 8",,,,,,
102,15,196,66,"0F","C4","DC",,1,"imm 8",,FALSE,,,"pinsrw",3,"xmm3","esp","imm 8",,,,,,
102,15,196,66,"0F","C4","DD",,1,"imm 8",,FALSE,,,"pinsrw",3,"xmm3","ebp","imm 8",,,,,,
102,15,196,66,"0F","C4","DE",,1,"imm 8",,FALSE,,,"pinsrw",3,"xmm3","esi","imm 8",,,,,,
102,15,196,66,"0F","C4","DF",,1,"imm 8",,FALSE,,,"pinsrw",3,"xmm3","edi","imm 8",,,,,,
102,15,196,66,"0F","C4","E0",,1,"imm 8",,FALSE,,,"pinsrw",3,"xmm4","eax","imm 8",,,,,,
102,15,196,66,"0F","C4","E1",,1,"imm 8",,FALSE,,,"pinsrw",3,"xmm4","ecx","imm 8",,,,,,
102,15,196,66,"0F","C4","E2",,1,"imm 8",,FALSE,,,"pinsrw",3,"xmm4","edx","imm 8",,,,,,
102,15,196,66,"0F","C4","E3",,1,"imm 8",,FALSE,,,"pinsrw",3,"xmm4","ebx","imm 8",,,,,,
102,15,196,66,"0F","C4","E4",,1,"imm 8",,FALSE,,,"pinsrw",3,"xmm4","esp","imm 8",,,,,,
102,15,196,66,"0F","C4","E5",,1,"imm 8",,FALSE,,,"pinsrw",3,"xmm4","ebp","imm 8",,,,,,
102,15,196,66,"0F","C4","E6",,1,"imm 8",,FALSE,,,"pinsrw",3,"xmm4","esi","imm 8",,,,,,
102,15,196,66,"0F","C4","E7",,1,"imm 8",,FALSE,,,"pinsrw",3,"xmm4","edi","imm 8",,,,,,
102,15,196,66,"0F","C4","E8",,1,"imm 8",,FALSE,,,"pinsrw",3,"xmm5","eax","imm 8",,,,,,
102,15,196,66,"0F","C4","E9",,1,"imm 8",,FALSE,,,"pinsrw",3,"xmm5","ecx","imm 8",,,,,,
102,15,196,66,"0F","C4","EA",,1,"imm 8",,FALSE,,,"pinsrw",3,"xmm5","edx","imm 8",,,,,,
102,15,196,66,"0F","C4","EB",,1,"imm 8",,FALSE,,,"pinsrw",3,"xmm5","ebx","imm 8",,,,,,
102,15,196,66,"0F","C4","EC",,1,"imm 8",,FALSE,,,"pinsrw",3,"xmm5","esp","imm 8",,,,,,
102,15,196,66,"0F","C4","ED",,1,"imm 8",,FALSE,,,"pinsrw",3,"xmm5","ebp","imm 8",,,,,,
102,15,196,66,"0F","C4","EE",,1,"imm 8",,FALSE,,,"pinsrw",3,"xmm5","esi","imm 8",,,,,,
102,15,196,66,"0F","C4","EF",,1,"imm 8",,FALSE,,,"pinsrw",3,"xmm5","edi","imm 8",,,,,,
102,15,196,66,"0F","C4","F0",,1,"imm 8",,FALSE,,,"pinsrw",3,"xmm6","eax","imm 8",,,,,,
102,15,196,66,"0F","C4","F1",,1,"imm 8",,FALSE,,,"pinsrw",3,"xmm6","ecx","imm 8",,,,,,
102,15,196,66,"0F","C4","F2",,1,"imm 8",,FALSE,,,"pinsrw",3,"xmm6","edx","imm 8",,,,,,
102,15,196,66,"0F","C4","F3",,1,"imm 8",,FALSE,,,"pinsrw",3,"xmm6","ebx","imm 8",,,,,,
102,15,196,66,"0F","C4","F4",,1,"imm 8",,FALSE,,,"pinsrw",3,"xmm6","esp","imm 8",,,,,,
102,15,196,66,"0F","C4","F5",,1,"imm 8",,FALSE,,,"pinsrw",3,"xmm6","ebp","imm 8",,,,,,
102,15,196,66,"0F","C4","F6",,1,"imm 8",,FALSE,,,"pinsrw",3,"xmm6","esi","imm 8",,,,,,
102,15,196,66,"0F","C4","F7",,1,"imm 8",,FALSE,,,"pinsrw",3,"xmm6","edi","imm 8",,,,,,
102,15,196,66,"0F","C4","F8",,1,"imm 8",,FALSE,,,"pinsrw",3,"xmm7","eax","imm 8",,,,,,
102,15,196,66,"0F","C4","F9",,1,"imm 8",,FALSE,,,"pinsrw",3,"xmm7","ecx","imm 8",,,,,,
102,15,196,66,"0F","C4","FA",,1,"imm 8",,FALSE,,,"pinsrw",3,"xmm7","edx","imm 8",,,,,,
102,15,196,66,"0F","C4","FB",,1,"imm 8",,FALSE,,,"pinsrw",3,"xmm7","ebx","imm 8",,,,,,
102,15,196,66,"0F","C4","FC",,1,"imm 8",,FALSE,,,"pinsrw",3,"xmm7","esp","imm 8",,,,,,
102,15,196,66,"0F","C4","FD",,1,"imm 8",,FALSE,,,"pinsrw",3,"xmm7","ebp","imm 8",,,,,,
102,15,196,66,"0F","C4","FE",,1,"imm 8",,FALSE,,,"pinsrw",3,"xmm7","esi","imm 8",,,,,,
102,15,196,66,"0F","C4","FF",,1,"imm 8",,FALSE,,,"pinsrw",3,"xmm7","edi","imm 8",,,,,,
0,15,197,,"0F","C5",,"/r",1,"imm 8",,FALSE,,,"pextrw",3,"r 32","mm","imm 8",,,,,,
102,15,197,66,"0F","C5",,"/r",1,"imm 8",,FALSE,,,"pextrw",3,"r 32","xmm","imm 8",,,,,,
0,15,198,,"0F","C6",,"/r",1,"imm 8",,FALSE,,,"shufps",3,"xmm","xmm/m128","imm 8",,,,,,
102,15,198,66,"0F","C6",,"/r",1,"imm 8",,FALSE,,,"shufpd",3,"xmm","xmm/m128","imm 8",,,,,,
102,15,208,66,"0F","D0",,"/r",0,,,FALSE,,,"addsubpd",2,"xmm","xmm/m128",,,,,,,
242,15,208,"F2","0F","D0",,"/r",0,,,FALSE,,,"addsubps",2,"xmm","xmm/m128",,,,,,,
0,15,209,,"0F","D1",,"/r",0,,,FALSE,,,"psrlw",2,"mm","mm/m64",,,,,,,
102,15,209,66,"0F","D1",,"/r",0,,,FALSE,,,"psrlw",2,"xmm","xmm/m128",,,,,,,
0,15,210,,"0F","D2",,"/r",0,,,FALSE,,,"psrld",2,"mm","mm/m64",,,,,,,
102,15,210,66,"0F","D2",,"/r",0,,,FALSE,,,"psrld",2,"xmm","xmm/m128",,,,,,,
0,15,211,,"0F","D3",,"/r",0,,,FALSE,,,"psrlq",2,"mm","mm/m64",,,,,,,
102,15,211,66,"0F","D3",,"/r",0,,,FALSE,,,"psrlq",2,"xmm","xmm/m128",,,,,,,
0,15,212,,"0F","D4",,"/r",0,,,FALSE,,,"paddq",2,"mm","mm/m64",,,,,,,
102,15,212,66,"0F","D4",,"/r",0,,,FALSE,,,"paddq",2,"xmm","xmm/m128",,,,,,,
0,15,213,,"0F","D5",,"/r",0,,,FALSE,,,"pmullw",2,"mm","mm/m64",,,,,,,
102,15,213,66,"0F","D5",,"/r",0,,,FALSE,,,"pmullw",2,"xmm","xmm/m128",,,,,,,
102,15,214,66,"0F","D6",,"/r",0,,,FALSE,,,"movq",2,"xmm/m64","xmm",,,,,,,
242,15,214,"F2","0F","D6",,"/r",0,,,FALSE,,,"movdq2q",2,"mm","xmm",,,,,,,
243,15,214,"F3","0F","D6",,"/r",0,,,FALSE,,,"movq2dq",2,"xmm","mm",,,,,,,
0,15,215,,"0F","D7",,"/r",0,,,FALSE,,,"pmovmskb",2,"r 32","mm",,,,,,,
102,15,215,66,"0F","D7",,"/r",0,,,FALSE,,,"pmovmskb",2,"r 32","xmm",,,,,,,
0,15,216,,"0F","D8",,"/r",0,,,FALSE,,,"psubusb",2,"mm","mm/m64",,,,,,,
102,15,216,66,"0F","D8",,"/r",0,,,FALSE,,,"psubusb",2,"xmm","xmm/m128",,,,,,,
0,15,217,,"0F","D9",,"/r",0,,,FALSE,,,"psubusw",2,"mm","mm/m64",,,,,,,
102,15,217,66,"0F","D9",,"/r",0,,,FALSE,,,"psubusw",2,"xmm","xmm/m128",,,,,,,
0,15,218,,"0F","DA",,"/r",0,,,FALSE,,,"pminub",2,"mm","mm/m64",,,,,,,
102,15,218,66,"0F","DA",,"/r",0,,,FALSE,,,"pminub",2,"xmm","xmm/m128",,,,,,,
0,15,219,,"0F","DB",,"/r",0,,,FALSE,,,"pand",2,"mm","mm/m64",,,,,,,
102,15,219,66,"0F","DB",,"/r",0,,,FALSE,,,"pand",2,"xmm","xmm/m128",,,,,,,
0,15,220,,"0F","DC",,"/r",0,,,FALSE,,,"paddusb",2,"mm","mm/m64",,,,,,,
102,15,220,66,"0F","DC",,"/r",0,,,FALSE,,,"paddusb",2,"xmm","xmm/m128",,,,,,,
0,15,221,,"0F","DD",,"/r",0,,,FALSE,,,"paddusw",2,"mm","mm/m64",,,,,,,
102,15,221,66,"0F","DD",,"/r",0,,,FALSE,,,"paddusw",2,"xmm","xmm/m128",,,,,,,
0,15,222,,"0F","DE",,"/r",0,,,FALSE,,,"pmaxub",2,"mm","mm/m64",,,,,,,
102,15,222,66,"0F","DE",,"/r",0,,,FALSE,,,"pmaxub",2,"xmm","xmm/m128",,,,,,,
0,15,223,,"0F","DF",,"/r",0,,,FALSE,,,"pandn",2,"mm","mm/m64",,,,,,,
102,15,223,66,"0F","DF",,"/r",0,,,FALSE,,,"pandn",2,"xmm","xmm/m128",,,,,,,
0,15,224,,"0F","E0",,"/r",0,,,FALSE,,,"pavgb",2,"mm","mm/m64",,,,,,,
102,15,224,66,"0F","E0",,"/r",0,,,FALSE,,,"pavgb",2,"xmm","xmm/m128",,,,,,,
0,15,225,,"0F","E1",,"/r",0,,,FALSE,,,"psraw",2,"mm","mm/m64",,,,,,,
102,15,225,66,"0F","E1",,"/r",0,,,FALSE,,,"psraw",2,"xmm","xmm/m128",,,,,,,
0,15,226,,"0F","E2",,"/r",0,,,FALSE,,,"psrad",2,"mm","mm/m64",,,,,,,
102,15,226,66,"0F","E2",,"/r",0,,,FALSE,,,"psrad",2,"xmm","xmm/m128",,,,,,,
0,15,227,,"0F","E3",,"/r",0,,,FALSE,,,"pavgw",2,"mm","mm/m64",,,,,,,
102,15,227,66,"0F","E3",,"/r",0,,,FALSE,,,"pavgw",2,"xmm","xmm/m128",,,,,,,
0,15,228,,"0F","E4",,"/r",0,,,FALSE,,,"pmulhuw",2,"mm","mm/m64",,,,,,,
102,15,228,66,"0F","E4",,"/r",0,,,FALSE,,,"pmulhuw",2,"xmm","xmm/m128",,,,,,,
0,15,229,,"0F","E5",,"/r",0,,,FALSE,,,"pmulhw",2,"mm","mm/m64",,,,,,,
102,15,229,66,"0F","E5",,"/r",0,,,FALSE,,,"pmulhw",2,"xmm","xmm/m128",,,,,,,
102,15,230,66,"0F","E6",,"/r",0,,,FALSE,,,"cvttpd2dq",2,"xmm","xmm/m128",,,,,,,
242,15,230,"F2","0F","E6",,"/r",0,,,FALSE,,,"cvtpd2dq",2,"xmm","xmm/m128",,,,,,,
243,15,230,"F3","0F","E6",,"/r",0,,,FALSE,,,"cvtdq2pd",2,"xmm","xmm/m64",,,,,,,
0,15,231,,"0F","E7",,"/r",0,,,FALSE,,,"movntq",2,"m 64","mm",,,,,,,
102,15,231,66,"0F","E7",,"/r",0,,,FALSE,,,"movntdq",2,"m 128","xmm",,,,,,,
0,15,232,,"0F","E8",,"/r",0,,,FALSE,,,"psubsb",2,"mm","mm/m64",,,,,,,
102,15,232,66,"0F","E8",,"/r",0,,,FALSE,,,"psubsb",2,"xmm","xmm/m128",,,,,,,
0,15,233,,"0F","E9",,"/r",0,,,FALSE,,,"psubsw",2,"mm","mm/m64",,,,,,,
102,15,233,66,"0F","E9",,"/r",0,,,FALSE,,,"psubsw",2,"xmm","xmm/m128",,,,,,,
0,15,234,,"0F","EA",,"/r",0,,,FALSE,,,"pminsw",2,"mm","mm/m64",,,,,,,
102,15,234,66,"0F","EA",,"/r",0,,,FALSE,,,"pminsw",2,"xmm","xmm/m128",,,,,,,
0,15,235,,"0F","EB",,"/r",0,,,FALSE,,,"por",2,"mm","mm/m64",,,,,,,
102,15,235,66,"0F","EB",,"/r",0,,,FALSE,,,"por",2,"xmm","xmm/m128",,,,,,,
0,15,236,,"0F","EC",,"/r",0,,,FALSE,,,"paddsb",2,"mm","mm/m64",,,,,,,
102,15,236,66,"0F","EC",,"/r",0,,,FALSE,,,"paddsb",2,"xmm","xmm/m128",,,,,,,
0,15,237,,"0F","ED",,"/r",0,,,FALSE,,,"paddsw",2,"mm","mm/m64",,,,,,,
102,15,237,66,"0F","ED",,"/r",0,,,FALSE,,,"paddsw",2,"xmm","xmm/m128",,,,,,,
0,15,238,,"0F","EE",,"/r",0,,,FALSE,,,"pmaxsw",2,"mm","mm/m64",,,,,,,
102,15,238,66,"0F","EE",,"/r",0,,,FALSE,,,"pmaxsw",2,"xmm","xmm/m128",,,,,,,
0,15,239,,"0F","EF",,"/r",0,,,FALSE,,,"pxor",2,"mm","mm/m64",,,,,,,
102,15,239,66,"0F","EF",,"/r",0,,,FALSE,,,"pxor",2,"xmm","xmm/m128",,,,,,,
242,15,240,"F2","0F","F0",,"/r",0,,,FALSE,,,"lddqu",2,"xmm","m 128",,,,,,,
0,15,241,,"0F","F1",,"/r",0,,,FALSE,,,"psllw",2,"mm","mm/m64",,,,,,,
102,15,241,66,"0F","F1",,"/r",0,,,FALSE,,,"psllw",2,"xmm","xmm/m128",,,,,,,
0,15,242,,"0F","F2",,"/r",0,,,FALSE,,,"pslld",2,"mm","mm/m64",,,,,,,
102,15,242,66,"0F","F2",,"/r",0,,,FALSE,,,"pslld",2,"xmm","xmm/m128",,,,,,,
0,15,243,,"0F","F3",,"/r",0,,,FALSE,,,"psllq",2,"mm","mm/m64",,,,,,,
102,15,243,66,"0F","F3",,"/r",0,,,FALSE,,,"psllq",2,"xmm","xmm/m128",,,,,,,
0,15,244,,"0F","F4",,"/r",0,,,FALSE,,,"pmuludq",2,"mm","mm/m64",,,,,,,
102,15,244,66,"0F","F4",,"/r",0,,,FALSE,,,"pmuludq",2,"xmm","xmm/m128",,,,,,,
0,15,245,,"0F","F5",,"/r",0,,,FALSE,,,"pmaddwd",2,"mm","mm/m64",,,,,,,
102,15,245,66,"0F","F5",,"/r",0,,,FALSE,,,"pmaddwd",2,"xmm","xmm/m128",,,,,,,
0,15,246,,"0F","F6",,"/r",0,,,FALSE,,,"psadbw",2,"mm","mm/m64",,,,,,,
102,15,246,66,"0F","F6",,"/r",0,,,FALSE,,,"psadbw",2,"xmm","xmm/m128",,,,,,,
0,15,247,,"0F","F7",,"/r",0,,,FALSE,,,"maskmovq",2,"mm","mm",,,,,,,
102,15,247,66,"0F","F7",,"/r",0,,,FALSE,,,"maskmovdqu",2,"xmm","xmm",,,,,,,
0,15,248,,"0F","F8",,"/r",0,,,FALSE,,,"psubb",2,"mm","mm/m64",,,,,,,
102,15,248,66,"0F","F8",,"/r",0,,,FALSE,,,"psubb",2,"xmm","xmm/m128",,,,,,,
0,15,249,,"0F","F9",,"/r",0,,,FALSE,,,"psubw",2,"mm","mm/m64",,,,,,,
102,15,249,66,"0F","F9",,"/r",0,,,FALSE,,,"psubw",2,"xmm","xmm/m128",,,,,,,
0,15,250,,"0F","FA",,"/r",0,,,FALSE,,,"psubd",2,"mm","mm/m64",,,,,,,
102,15,250,66,"0F","FA",,"/r",0,,,FALSE,,,"psubd",2,"xmm","xmm/m128",,,,,,,
0,15,251,,"0F","FB",,"/r",0,,,FALSE,,,"psubq",2,"mm","mm/m64",,,,,,,
102,15,251,66,"0F","FB",,"/r",0,,,FALSE,,,"psubq",2,"xmm","xmm/m128",,,,,,,
0,15,252,,"0F","FC",,"/r",0,,,FALSE,,,"paddb",2,"mm","mm/m64",,,,,,,
102,15,252,66,"0F","FC",,"/r",0,,,FALSE,,,"paddb",2,"xmm","xmm/m128",,,,,,,
0,15,253,,"0F","FD",,"/r",0,,,FALSE,,,"paddw",2,"mm","mm/m64",,,,,,,
102,15,253,66,"0F","FD",,"/r",0,,,FALSE,,,"paddw",2,"xmm","xmm/m128",,,,,,,
0,15,254,,"0F","FE",,"/r",0,,,FALSE,,,"paddd",2,"mm","mm/m64",,,,,,,
102,15,254,66,"0F","FE",,"/r",0,,,FALSE,,,"paddd",2,"xmm","xmm/m128",,,,,,,
